mean_erythema,p90_erythema,red_excess_ratio,p90_red_excess,rg_ratio,rb_ratio,mean_hue,std_hue,mean_saturation,std_saturation,mean_value,std_value,ycbcr_cr_mean,ycbcr_cr_std,skin_pixel_fraction,sobel_roughness,p90_roughness,sobel_direction_entropy,laplacian_sharpness,chromatic_dispersion,luminance_convexity,texture_contrast,texture_homogeneity,edge_density,category_index,category_name
19.4367,34.5565,23.7457,30.4427,1.3591,1.5617,16.2118,12.3993,40.8576,13.8416,94.249,38.6526,161.7151,9.9045,0.7849,31.9628,70.2056,2.5082,848.21,74.759,24.238,23.3654,43.9778,19.6497,0,Infection_Indicators
21.2575,46.9421,21.3966,32.6784,1.3181,1.2308,22.9482,9.6166,47.8798,9.1815,128.4363,33.378,161.1693,16.6855,0.7721,22.5913,53.4452,2.4825,915.7445,83.0282,15.3745,10.4218,45.5927,20.497,0,Infection_Indicators
33.2658,59.846,27.4913,42.7466,1.291,1.3002,11.7609,18.8986,44.4004,16.1533,178.5943,25.7125,161.8436,17.1862,0.8681,44.2753,94.7067,2.6232,1698.1737,70.0873,26.0,15.4777,39.8109,22.6044,0,Infection_Indicators
23.9234,54.0747,10.0,18.9915,1.5269,1.3171,15.1192,12.493,54.2386,19.4794,144.4048,35.5929,156.6795,19.8746,0.9519,26.8937,51.2958,2.821,943.1567,37.6567,15.1845,22.5663,43.0409,21.4752,0,Infection_Indicators
22.8689,41.3329,16.9786,29.2041,1.188,1.6246,18.911,7.806,36.3472,13.5334,140.047,28.9717,151.3857,16.0157,0.8197,31.4591,57.2549,2.7652,1235.9284,63.8672,17.0692,14.1012,36.7973,28.0254,0,Infection_Indicators
26.1897,39.9955,33.9274,49.9511,1.1813,1.3094,19.4783,12.4861,32.044,18.3085,108.2539,35.3151,149.564,22.1997,0.9842,35.6766,60.2156,2.5872,1425.4069,41.8444,14.9098,28.8429,30.1401,24.2001,0,Infection_Indicators
20.1572,39.1414,30.4554,45.1668,1.4065,1.5947,20.0862,17.8896,47.5735,12.5242,175.9869,41.2757,161.1415,12.182,0.8093,53.7412,99.7265,2.5969,1269.7945,80.9296,10.5294,21.8752,32.041,17.9834,0,Infection_Indicators
25.8798,53.7761,24.0517,36.0833,1.2829,1.8352,22.0032,11.0714,36.362,20.1711,142.0307,36.998,159.3127,15.7087,0.9909,32.4818,67.8857,2.8366,921.394,79.4152,14.8564,13.5256,44.3854,25.5046,0,Infection_Indicators
26.2775,53.0929,21.3565,35.7207,1.1857,1.6211,23.3446,12.0844,48.74,19.1574,138.4786,38.1034,166.0615,16.0292,0.9125,38.0211,93.6213,2.8177,638.9739,36.9862,14.6601,15.8644,42.6829,19.5247,0,Infection_Indicators
20.8724,35.4136,27.1581,39.425,1.2199,1.5087,15.4942,15.3658,46.4101,15.0678,180.8789,36.4374,141.824,16.7458,0.9488,34.7159,57.8542,2.4696,1301.9949,79.5836,9.1988,18.993,39.2004,18.7534,0,Infection_Indicators
26.9521,51.1865,31.0561,42.0913,1.2177,1.1952,17.8605,21.988,45.825,13.8033,112.1012,31.2642,142.0353,10.7992,0.904,35.5168,70.5013,2.7396,1123.4036,106.2639,15.6199,26.4584,41.3803,23.3958,0,Infection_Indicators
34.0396,55.2046,13.7185,26.2659,1.2988,1.4941,20.3488,12.0092,44.1269,15.7815,126.2127,37.9472,158.4991,13.2284,0.9072,41.6765,93.8157,2.8072,768.402,53.9167,16.9892,24.6622,42.8328,23.7626,0,Infection_Indicators
33.0392,60.1301,16.9227,24.1602,1.3217,1.5489,16.4887,18.2966,43.847,21.8429,141.0792,27.7083,169.3862,20.2609,0.8621,27.381,74.2818,2.5379,1408.2713,76.007,11.2034,20.9471,26.2799,34.5078,0,Infection_Indicators
19.4257,43.79,15.0175,22.2309,1.3543,1.3189,16.739,15.4282,32.9672,11.6664,106.6311,30.5059,158.1764,21.9014,0.8561,30.5958,69.3422,2.7193,1229.0874,49.1098,16.0774,30.1964,42.1299,25.6111,0,Infection_Indicators
23.2165,55.0758,23.4727,30.3583,1.3863,1.4087,29.9237,16.1249,42.1125,26.3699,170.5082,44.7126,155.2235,19.9052,0.905,27.5865,66.1344,2.6301,1513.0402,31.4176,6.3492,23.1749,47.5708,29.3084,0,Infection_Indicators
20.5386,51.1932,33.725,50.1178,1.4851,1.3249,10.777,19.9155,44.9691,23.5702,123.1114,27.8044,156.0367,16.1879,0.9422,38.5094,63.6757,2.4801,1148.1183,73.2599,16.8465,14.2521,30.7271,31.3049,0,Infection_Indicators
27.8027,56.8463,29.1511,41.774,1.4637,1.4266,14.1022,13.4236,59.4014,21.9502,146.327,29.6038,143.8839,21.7774,0.8594,35.4633,76.0229,2.8276,905.3142,88.02,17.9262,22.9842,42.8823,28.1766,0,Infection_Indicators
13.9423,38.6103,22.8931,31.7748,1.3713,1.2496,16.5334,10.2631,45.4359,22.2981,126.7855,35.5283,152.2882,12.8285,0.7943,29.1126,63.6834,2.6913,1885.8901,64.6347,11.2011,22.2839,42.1014,21.5637,0,Infection_Indicators
14.4894,36.1799,12.0654,25.4845,1.2323,1.15,23.0867,10.5483,46.2576,22.3588,101.5546,32.5564,166.6665,8.0,0.8106,27.8469,48.6497,2.5067,675.4949,52.2213,10.9071,18.8953,44.7458,28.9187,0,Infection_Indicators
21.8923,45.6291,15.484,30.4293,1.1748,1.3695,14.797,8.9688,54.3356,26.5924,101.5286,35.9408,151.4455,14.0515,0.7966,30.391,86.2616,2.6382,1119.4087,49.0429,15.0818,20.6986,41.0884,17.1008,0,Infection_Indicators
14.5678,39.9406,19.1131,36.2656,1.6061,1.6591,23.4785,11.4531,40.919,13.4908,118.0951,16.0,152.7897,14.7731,0.9027,47.5039,73.6784,2.4708,2213.511,35.0019,13.4058,18.5552,38.1843,27.9416,0,Infection_Indicators
12.0,30.9774,16.3442,33.4986,1.372,1.3034,19.4156,13.8773,56.51,19.1449,136.2521,29.1169,152.5868,14.2698,0.7911,43.5574,84.4801,2.8752,1448.4499,58.1316,18.8049,18.5515,26.695,16.4474,0,Infection_Indicators
14.3696,44.3611,22.0311,32.6377,1.4449,1.4153,14.7529,15.6478,47.4867,20.5602,120.5039,29.1974,159.5656,20.9893,0.8834,42.2737,68.3407,2.7572,663.4438,49.294,20.0391,23.4122,40.2198,28.3894,0,Infection_Indicators
14.8245,42.7704,16.5072,24.3062,1.426,1.2525,23.1741,19.9226,49.7209,26.4456,105.5242,23.2874,143.549,21.9842,0.8655,33.3542,77.8124,3.0,1143.7579,77.0638,15.924,22.3433,36.6762,26.0645,0,Infection_Indicators
23.7988,54.3102,20.3443,31.7543,1.6754,1.4838,16.1772,13.9664,55.639,15.3774,155.0449,16.0,154.3908,18.5126,0.8367,33.8031,62.7873,2.9704,649.8324,61.3173,13.9734,13.0851,49.4355,21.9781,0,Infection_Indicators
24.3837,38.0907,14.7301,32.6926,1.6803,1.4095,19.0669,14.4035,47.7828,17.3504,135.0268,28.172,155.7707,13.8263,0.8912,51.6651,89.2956,2.3211,1598.4341,30.0,12.6292,18.7714,31.7399,17.9442,0,Infection_Indicators
20.6946,45.8731,13.5197,19.8449,1.2214,1.2835,19.474,13.9786,50.5043,13.2603,122.4864,30.3955,161.697,12.2383,0.9639,29.1263,75.8497,2.8939,837.1067,47.1276,7.3209,31.5881,33.068,17.694,0,Infection_Indicators
15.7299,38.7708,27.8267,39.0602,1.3495,1.3845,16.3844,16.0965,45.6613,22.9649,148.7846,33.0521,153.4547,15.7722,0.8172,51.9152,82.2307,2.8208,1168.3462,60.6883,14.0737,23.0855,38.6819,17.941,0,Infection_Indicators
14.5742,37.6577,20.4751,34.2921,1.2543,1.4843,26.7786,20.782,36.9662,20.2963,151.838,37.6462,158.6853,8.0,0.7617,36.7988,60.1108,2.6111,526.254,74.4584,7.9039,16.2094,53.7305,17.2554,0,Infection_Indicators
27.9556,54.607,21.1657,29.745,1.2394,1.4195,31.2884,14.1158,56.3435,14.8357,145.8002,44.3956,151.6112,23.2498,0.8116,41.5405,89.3283,2.7999,1348.724,35.736,11.0915,19.5149,42.4045,27.0344,0,Infection_Indicators
33.873,59.0487,26.6339,40.9412,1.2565,1.5013,11.6726,14.2684,53.3664,18.6023,155.4328,30.5071,163.9035,15.6783,0.9611,51.1853,72.6656,2.6426,537.936,73.0186,9.8301,28.6676,40.9118,23.8774,0,Infection_Indicators
34.5473,64.2669,13.1418,26.5321,1.3315,1.5705,16.517,20.1374,66.6901,16.3672,137.5899,42.1737,167.057,13.9086,0.8097,38.2684,69.758,2.5993,698.3437,50.1796,13.8613,22.4053,55.404,16.5107,0,Infection_Indicators
26.2645,55.8469,17.152,34.4888,1.6434,1.2938,24.6021,20.9844,31.8704,18.3328,136.1493,27.8075,159.8876,13.5085,0.8375,54.4476,102.2884,2.6344,1237.4474,57.2221,11.1792,16.7783,61.859,29.0959,0,Infection_Indicators
16.6384,46.4134,20.3613,37.8291,1.36,1.4535,22.161,22.5408,44.4075,14.4077,110.4136,26.8835,155.7681,23.1782,0.7703,38.6374,61.6826,2.5609,1093.4308,85.3911,24.1077,17.8148,39.0845,29.787,0,Infection_Indicators
21.1904,46.3594,20.3389,36.5459,1.3768,1.5144,21.4116,17.9298,55.0767,24.8926,116.5162,35.3639,153.4077,12.6658,0.9359,37.6502,90.9356,2.661,1009.7145,64.0615,17.271,12.0636,43.1971,23.5847,0,Infection_Indicators
23.4344,50.655,21.8032,34.2984,1.3067,1.4446,21.9179,15.2464,41.9821,18.8734,167.9726,24.8144,156.9308,13.1995,0.8365,33.847,88.7085,2.7392,876.4313,70.7898,20.2621,20.6055,38.5584,35.2275,0,Infection_Indicators
16.915,44.8112,18.8444,33.1686,1.4771,1.6097,17.9324,9.9122,44.9687,20.8497,121.9548,43.621,162.2852,15.1737,0.8075,26.1152,80.6895,2.9366,1302.2007,63.4794,15.0787,19.6197,48.6617,27.6965,0,Infection_Indicators
21.6809,49.6116,25.2535,37.0318,1.2253,1.6882,18.8072,8.7769,47.1529,14.9353,137.8129,27.4316,152.8767,8.4418,0.7529,37.542,76.7396,2.6168,466.4389,77.6875,17.1432,23.5527,35.2642,22.6899,0,Infection_Indicators
35.5155,61.5648,17.829,30.5447,1.1973,1.406,17.7079,14.1554,44.3889,14.7066,150.4082,24.5616,162.9222,18.4932,0.8,43.8595,65.123,2.8587,1824.792,70.4427,15.5731,25.0887,38.3643,30.0786,0,Infection_Indicators
26.3048,47.3512,24.1505,37.8734,1.563,1.4317,15.8732,12.5645,43.1169,19.9087,131.4567,27.9841,155.8295,24.5691,0.8888,22.9833,82.8367,2.833,1115.2014,66.1606,16.4541,14.8632,40.941,12.1542,0,Infection_Indicators
12.0,31.4208,16.4715,34.3233,1.1013,1.7203,18.4941,21.6233,31.3034,15.4225,137.01,33.2549,159.73,10.9848,0.9079,34.6955,83.3285,2.7794,1229.5201,58.7532,7.398,20.6975,41.7462,29.9056,0,Infection_Indicators
21.5962,52.9844,14.474,23.5716,1.1387,1.5857,16.755,15.886,45.5777,20.1467,139.5364,23.0191,162.9739,14.025,0.8577,44.4577,92.7288,2.5112,960.5391,57.7134,12.7135,33.4605,46.0555,25.7953,0,Infection_Indicators
19.1602,32.302,15.577,27.9511,1.3017,1.2344,18.088,16.2936,40.7011,18.0418,140.7869,35.1677,155.0649,20.3435,0.8789,50.2576,75.8437,2.6991,724.6128,75.5968,15.1063,17.0957,51.5847,21.9343,0,Infection_Indicators
30.905,52.8485,24.7929,38.2071,1.3482,1.5681,24.3065,19.2481,51.7486,12.8565,187.6686,23.9756,158.1184,12.9829,0.9999,51.3085,102.604,2.6821,1745.4845,72.1636,13.0234,26.7845,52.5158,15.0205,0,Infection_Indicators
30.3886,44.7928,20.665,33.1989,1.1411,1.15,14.7512,20.7102,32.0255,16.6341,95.1371,27.7932,157.1879,13.1995,0.9171,34.6794,69.8709,3.0,1123.6568,84.2701,12.183,20.8804,33.746,13.0368,0,Infection_Indicators
34.1508,62.4105,23.7042,38.3217,1.4263,1.445,19.5002,14.2496,39.2143,16.737,112.6409,31.3116,149.0799,11.5856,0.9508,21.2884,65.7017,2.7795,704.1487,80.9339,10.0701,19.6522,47.4004,16.7058,0,Infection_Indicators
27.8529,44.9842,16.092,33.6472,1.5156,1.388,16.221,14.7548,50.2477,18.6265,170.6231,34.6878,154.0124,17.6048,0.803,27.184,80.7785,2.9824,989.8707,77.5248,16.9887,16.795,49.4232,19.3571,0,Infection_Indicators
15.6214,39.3536,28.0311,36.0472,1.4087,1.4662,18.1106,13.9807,46.3943,17.3385,157.2776,47.4737,152.0976,10.5208,0.8986,34.9722,60.4297,2.7197,778.5302,93.5041,20.7108,17.6785,47.5519,33.5846,0,Infection_Indicators
12.0,31.0999,14.1294,20.9625,1.2137,1.4054,16.0153,17.3055,55.2796,18.4884,155.7525,46.825,147.7918,11.0661,0.9174,37.0777,75.6859,2.7829,1138.5735,51.744,10.0372,24.7765,35.6803,23.5283,0,Infection_Indicators
28.6189,59.1624,22.526,31.3417,1.1671,1.3494,24.8229,15.0669,66.874,19.7699,141.841,29.8362,156.9348,15.3901,0.9455,26.915,61.3205,2.5865,365.5179,73.1438,9.5865,9.0,46.1086,39.2045,0,Infection_Indicators
19.9147,50.5266,26.5528,33.9492,1.2586,1.5866,21.7285,16.8984,41.4359,16.9364,97.2417,29.5289,148.744,21.2523,0.9939,54.4319,79.7329,2.7912,2085.9511,58.5975,11.3983,24.1782,22.7943,23.4157,0,Infection_Indicators
23.4276,54.7441,19.9918,31.1818,1.329,1.15,14.4912,13.9236,35.1127,20.6997,185.615,40.5313,154.5059,21.9629,0.7645,28.1022,52.9576,2.6584,854.6389,58.5555,12.4473,22.0225,44.2846,23.0198,0,Infection_Indicators
21.301,41.8227,30.993,38.5616,1.302,1.5583,16.5659,9.8158,56.8703,16.5751,138.5729,37.3354,155.7908,15.3027,0.8703,30.7735,72.1859,2.7788,702.3575,63.4431,6.1594,33.3634,33.4555,22.7394,0,Infection_Indicators
16.309,37.4979,11.2042,26.6244,1.2263,1.5664,16.093,21.804,52.1013,15.8044,189.6462,27.76,161.1947,17.1972,0.9092,31.7794,72.5157,2.7453,1283.9889,51.8011,22.0535,21.8192,40.0774,24.2004,0,Infection_Indicators
19.8446,37.7753,31.6397,41.8361,1.4152,1.5853,16.8332,12.7558,48.5429,14.8147,139.3657,38.1571,160.2499,21.2446,0.8455,29.441,74.0415,2.6824,1356.675,86.0433,11.6666,21.2316,54.6449,34.6953,0,Infection_Indicators
20.0926,50.6542,16.4095,25.1049,1.1737,1.15,28.8698,10.0872,44.0087,16.7543,135.6481,37.7102,162.0233,13.6677,0.9653,47.0593,85.4809,2.598,1296.39,77.2278,16.6515,28.0408,44.4482,14.5706,0,Infection_Indicators
14.6187,41.1383,16.8767,32.6901,1.3243,1.1613,21.3733,17.3945,66.7037,22.8394,74.5165,32.549,168.6796,18.4942,0.9683,41.4518,67.8547,2.821,999.8128,63.6468,17.3138,15.4397,53.3039,20.2517,0,Infection_Indicators
18.8743,37.982,24.5083,39.9138,1.3012,1.4024,15.2325,17.0931,44.9115,19.8879,128.7502,28.9378,161.0567,14.5087,0.9991,32.8163,81.6991,2.4059,1189.8739,80.7866,8.3265,10.4351,30.7947,31.2068,0,Infection_Indicators
31.666,44.9631,19.1822,32.142,1.5806,1.7019,26.8285,18.3258,40.3769,21.7253,129.3591,41.1869,163.8113,13.4029,0.9269,30.0196,67.6276,2.9416,927.2817,48.0512,10.627,20.1885,46.8405,14.1245,0,Infection_Indicators
17.0795,41.803,34.9665,50.3943,1.2883,1.2465,17.2134,18.855,62.9613,24.9446,119.723,24.1627,156.9862,8.9262,0.8247,53.0101,106.6875,2.6908,1305.44,54.4114,9.3203,9.0,42.7799,34.5196,0,Infection_Indicators
27.6753,42.3824,15.3945,30.411,1.3695,1.4194,14.3134,10.9302,49.1952,17.005,121.1944,25.5402,153.8732,22.2724,0.9442,40.5967,61.9412,2.6079,1140.6577,43.6415,6.9487,14.8402,44.9766,23.5677,0,Infection_Indicators
12.0,38.6164,14.8214,32.597,1.4312,1.1993,20.4091,9.0737,50.1979,17.8396,105.6974,40.1532,150.8579,12.759,0.9627,39.5887,64.1794,3.0,1271.5266,76.4759,14.7058,18.7978,36.3793,23.5599,0,Infection_Indicators
18.2027,38.438,28.0957,41.9074,1.2205,1.4118,25.7067,14.7281,40.1748,17.735,125.4303,36.2173,151.0368,13.9583,0.8326,34.4174,62.6127,2.9637,955.8106,73.2055,15.2699,20.8085,42.5117,18.2169,0,Infection_Indicators
21.4543,49.8963,16.0917,26.6567,1.3359,1.1699,23.4123,11.8274,62.8597,22.8602,112.0536,40.9671,156.475,19.4111,0.7895,45.9994,78.6699,2.8185,966.0899,56.7343,10.1795,23.5416,59.5002,16.061,0,Infection_Indicators
33.1568,53.5121,22.3394,40.1487,1.4808,1.6292,13.2927,13.479,46.2945,16.7989,190.8585,33.5677,150.3624,18.3858,0.9645,42.8589,91.2686,2.9176,978.5354,30.0,13.3384,28.8358,42.2706,10.0,0,Infection_Indicators
22.2406,36.2534,20.8752,29.7537,1.2652,1.2524,26.7538,13.2107,56.9544,24.8459,140.9662,28.9787,158.8261,15.9032,0.9085,36.444,69.4482,2.6015,914.1531,67.6209,15.1332,19.4466,47.6936,19.9131,0,Infection_Indicators
13.7,29.9528,22.3283,28.7266,1.464,1.1893,22.4733,17.1698,35.0912,21.754,151.954,36.5527,149.2358,16.6005,0.8618,50.0798,91.9458,2.7019,1201.1747,62.858,13.2499,15.3446,41.2251,25.7409,0,Infection_Indicators
27.476,39.8361,26.9052,44.4589,1.189,1.5738,16.4274,17.7322,49.3056,26.2718,116.5307,29.5548,155.8641,14.7873,0.8253,26.8606,58.8574,2.8369,1480.123,94.791,13.5822,19.9871,43.5604,30.5522,0,Infection_Indicators
29.4854,58.0711,24.6522,41.1999,1.4115,1.83,10.3118,11.7483,59.2665,16.4159,172.7161,33.6101,170.7364,11.5478,0.9078,53.3676,82.865,2.8313,713.8008,64.5429,12.9736,9.0,46.3939,23.9317,0,Infection_Indicators
19.3645,36.4524,21.43,31.7722,1.2344,1.3941,16.9393,11.7303,33.3431,17.626,107.9056,37.3204,156.5771,10.1698,0.7514,47.0069,89.8889,2.6334,349.931,66.0705,13.3595,25.028,44.7056,18.1122,0,Infection_Indicators
26.8453,52.8904,26.371,44.2848,1.2641,1.2955,12.387,7.068,53.4821,17.1833,170.4404,42.7193,162.4487,13.8305,0.9888,33.4678,63.7721,2.742,1157.9471,52.9341,11.1668,23.0569,36.3416,10.0,0,Infection_Indicators
23.6056,37.2092,20.1828,30.44,1.3436,1.4707,13.7661,20.1437,45.1127,18.0848,160.6643,33.6325,162.672,17.1485,0.931,37.0555,62.741,2.6083,1086.708,60.2539,13.4858,9.7089,38.6102,23.6035,0,Infection_Indicators
30.6349,59.547,26.085,40.3949,1.5776,1.2807,14.4695,10.1217,43.6081,24.4504,165.5614,35.4208,143.2648,13.2273,0.8955,46.3195,94.5429,2.4706,705.2856,90.6764,12.987,13.7132,35.2848,20.204,0,Infection_Indicators
24.3995,44.5921,19.9836,29.7182,1.4551,1.6585,13.0751,12.1301,45.7623,19.2607,138.8079,34.9684,152.6831,15.9422,0.8764,38.3062,59.8661,2.7814,1064.6548,57.3398,12.9648,30.5919,47.4874,21.0794,0,Infection_Indicators
26.6871,55.2213,23.8131,41.6213,1.1044,1.1622,21.539,6.3442,47.6497,12.6887,186.4563,33.7532,154.4659,20.9109,0.8256,28.898,51.2039,2.6269,595.4181,48.4293,14.2445,23.9637,50.6914,11.1393,0,Infection_Indicators
12.0,43.877,19.471,36.0348,1.4741,1.7133,13.0982,16.4868,41.8122,17.5232,207.8869,21.4792,157.7762,17.8708,0.8833,35.8471,87.6155,2.762,1348.6288,57.347,15.5084,20.8244,52.0084,22.6659,0,Infection_Indicators
25.3704,45.1012,15.1193,27.2546,1.7002,1.3568,24.731,13.1524,49.7323,24.7136,161.3161,30.5688,155.0532,20.0143,0.8776,40.2041,60.9687,2.7492,1882.8255,59.6545,17.8078,27.6069,39.7203,18.144,0,Infection_Indicators
28.8337,46.7261,21.4981,27.6699,1.4215,1.4826,15.9209,16.2277,53.2037,21.3943,170.2783,36.9581,158.4601,20.2806,0.7722,28.2861,64.5878,2.7164,829.9287,61.3987,10.8303,19.1522,27.8511,24.3864,0,Infection_Indicators
28.2373,41.6953,22.7485,33.583,1.1803,1.2779,23.19,11.9804,44.6057,21.1533,149.4322,36.4335,145.2144,15.4699,0.9101,41.7176,76.0302,2.7616,758.1308,70.0307,14.0319,27.0223,60.4999,14.6126,0,Infection_Indicators
23.2302,51.6809,15.7478,31.3953,1.4684,1.8415,20.8836,12.4641,45.7698,10.0392,115.6057,29.135,152.3314,16.6094,0.9372,24.3842,55.431,2.7223,968.8421,66.7934,17.3004,15.7972,37.7351,21.0258,0,Infection_Indicators
35.0499,64.8874,18.4438,29.6496,1.2883,1.521,18.6854,22.4268,60.119,12.0236,156.9449,26.2852,157.3405,16.2735,0.9403,42.5896,74.5117,2.7496,1181.3212,58.8757,12.2476,21.8387,46.2634,22.1877,0,Infection_Indicators
19.507,38.9032,13.2999,19.9282,1.2565,1.6324,20.5684,15.7019,51.5999,12.8753,158.7822,31.4696,160.6934,11.7126,0.9019,30.7249,76.7905,2.6573,752.1348,84.2578,9.2424,30.856,35.795,27.1495,0,Infection_Indicators
12.0,40.7096,20.0632,26.2396,1.1065,1.2186,17.9534,6.0,53.0108,8.0,119.4526,32.1051,159.7664,15.8333,0.8798,26.1911,77.1508,2.8871,1148.3027,91.8563,13.0492,22.1534,50.8468,18.1755,0,Infection_Indicators
23.2678,52.2091,19.7257,26.0089,1.3443,1.439,17.9286,20.4595,31.5919,14.2718,135.9349,20.4977,154.769,22.6459,0.7645,40.4295,63.4537,2.7277,595.9341,52.9055,12.4992,19.0937,53.2532,26.625,0,Infection_Indicators
16.5992,42.0818,32.0543,41.1732,1.4094,1.3621,17.7377,7.1572,48.9706,20.7897,116.2184,30.9092,156.265,18.3383,0.8105,60.5785,83.6281,2.721,1436.6113,52.8825,22.7506,9.6332,38.4904,22.4603,0,Infection_Indicators
21.9085,53.121,21.3556,29.7187,1.1,1.4739,28.7167,9.0473,47.7074,15.0211,163.5177,32.134,151.5096,17.9515,0.8692,26.4932,72.1178,2.8446,717.4254,72.5033,19.9365,23.1337,40.4955,22.9954,0,Infection_Indicators
35.1287,51.5702,15.0446,24.9046,1.3857,1.5143,18.2616,11.0083,45.8223,15.8104,139.0766,34.373,150.6941,9.7346,0.9799,36.3801,72.0784,2.9182,1199.0048,66.7073,14.4021,24.5264,52.5357,19.1503,0,Infection_Indicators
16.6463,32.4782,23.2585,40.2774,1.322,1.2474,17.0462,17.2453,46.9531,20.6299,186.0288,21.0503,167.3205,16.4174,0.8206,42.2423,100.1006,2.6764,1024.3518,80.5897,13.4898,30.0669,31.3906,22.9214,0,Infection_Indicators
19.7921,33.2153,21.5306,28.3587,1.3216,1.5135,25.075,13.0248,41.6929,22.3098,158.7409,37.1841,149.3347,17.6906,0.969,20.994,58.0031,2.7679,1376.0947,30.0,11.0739,14.8608,34.7605,18.1313,0,Infection_Indicators
35.9043,62.7422,15.9946,32.1757,1.1,1.2916,24.7317,10.5753,41.8204,20.0793,170.6678,30.2392,151.8174,21.6895,0.8977,37.3086,79.0885,2.7543,767.8222,73.4053,15.6736,29.4096,48.2036,13.23,0,Infection_Indicators
27.409,49.5869,16.2221,26.6535,1.4715,1.5593,22.9171,14.2032,55.7872,22.1587,138.0473,36.7362,152.2483,18.1601,0.8363,44.8286,93.9108,2.8368,1353.4446,65.5834,6.0,20.5507,46.6335,19.5242,0,Infection_Indicators
12.0,38.0974,15.4808,31.2864,1.3901,1.408,19.0339,11.8587,52.2895,19.8944,139.3404,28.3178,140.9266,20.3886,0.7829,23.6073,78.4639,2.5682,1523.9746,75.1061,16.7343,12.8043,52.6956,24.6981,0,Infection_Indicators
16.3357,34.0883,17.675,27.3563,1.495,1.1576,24.8452,11.0262,39.8331,17.318,106.9269,38.5239,168.6934,13.3703,0.8331,28.6068,86.3848,2.6378,1654.903,84.6392,9.2582,24.1258,55.1627,19.7839,0,Infection_Indicators
26.9475,40.2976,18.5719,30.7963,1.2877,1.2521,23.273,18.641,29.3843,13.8172,125.0694,27.4498,155.4159,10.2014,0.8171,42.4115,101.153,2.5271,811.305,67.1828,11.8133,19.3701,56.3876,31.713,0,Infection_Indicators
24.3478,48.548,21.8665,31.6214,1.4118,1.1542,17.9684,15.6072,60.9789,21.2613,112.2087,43.8677,156.3065,14.9766,0.8133,35.7919,71.7533,2.7107,945.8467,71.5681,10.5424,20.1544,45.5323,24.2328,0,Infection_Indicators
33.5231,58.2769,27.4146,36.3188,1.2496,1.4422,20.4123,13.5624,38.9461,14.8926,119.6762,26.1772,155.5298,13.137,0.9332,50.3901,73.6361,2.8696,1299.874,72.496,14.3038,25.4561,46.858,14.9552,0,Infection_Indicators
20.3933,50.8086,16.9588,29.9722,1.1,1.4456,22.8897,13.4214,55.9627,20.8853,172.3277,26.7458,161.815,11.9307,0.8569,55.1272,112.5784,2.605,908.3796,32.0769,11.2385,21.0246,49.3454,22.8925,0,Infection_Indicators
18.4326,33.6224,24.1102,32.0358,1.4307,1.4544,21.7389,18.3727,43.0182,15.2449,133.297,26.2221,176.6437,20.9787,0.8392,45.2363,96.808,2.65,1319.5535,59.4108,13.4982,22.9673,43.6871,10.0,0,Infection_Indicators
21.3027,43.3653,10.0,18.3264,1.3785,1.5355,19.8391,15.1586,42.4954,25.1591,90.4395,34.5131,149.0853,18.1391,0.9235,29.5668,56.1782,2.6757,1144.842,95.4035,12.8759,23.5498,36.7627,21.1287,0,Infection_Indicators
16.9757,33.3668,17.7479,35.2662,1.463,1.7342,11.3873,6.9803,62.8387,19.7533,129.1341,35.7424,140.0,16.0135,0.9676,43.772,68.3878,3.0,729.8301,68.5969,10.4186,18.5514,35.0335,27.2324,0,Infection_Indicators
12.0,24.3625,19.6583,35.1714,1.3136,1.2776,28.7374,18.3339,36.1324,21.7721,171.39,32.9241,158.5301,17.3534,0.8713,42.4951,80.5469,2.6261,1233.4911,58.643,13.6395,27.1403,41.5233,18.4617,0,Infection_Indicators
22.5254,53.8867,10.0,16.7988,1.2351,1.4338,24.7604,12.5324,29.111,20.7887,108.2928,23.6723,151.6296,15.2619,0.8424,47.6681,93.9373,2.6776,1360.6088,43.5217,13.194,20.9609,47.7904,27.3442,0,Infection_Indicators
29.8446,56.8796,24.5743,40.2104,1.1598,1.4092,24.1564,20.6047,39.5142,20.3797,141.0174,31.1749,158.492,16.872,0.9397,46.8198,102.3849,2.8807,1845.85,83.9787,13.6304,13.6973,35.0974,29.066,0,Infection_Indicators
20.8278,50.9846,11.4068,23.4915,1.1929,1.6431,21.4518,18.6223,40.0795,21.8454,124.6613,38.2317,157.2029,18.213,0.8311,27.9393,75.7249,2.6286,1285.2825,39.3915,17.3927,13.6049,47.4184,27.0666,0,Infection_Indicators
13.3753,34.0222,24.5209,30.8947,1.2734,1.4786,16.4174,14.7677,34.8819,23.241,142.9148,29.9542,152.716,18.5785,0.8942,38.1846,92.5055,2.8119,1061.0653,54.9318,18.8592,17.4146,28.5037,27.1635,0,Infection_Indicators
21.3318,48.5778,23.3424,29.8096,1.3742,1.5746,28.6589,18.5948,48.2438,22.7029,132.3978,32.1673,153.5401,22.2537,0.9268,21.7882,65.6623,2.637,1247.0597,30.0,16.502,26.3114,38.2612,23.8031,0,Infection_Indicators
28.3012,43.6484,20.5248,32.5291,1.4758,1.5724,12.7039,17.9705,49.6369,13.4011,113.88,34.6145,153.2161,23.2798,0.9169,36.6644,57.4302,2.7714,1309.2316,87.9556,17.3861,23.9986,35.1579,42.9027,0,Infection_Indicators
26.2807,49.9445,19.6108,32.7249,1.2548,1.3759,18.6451,12.6934,47.7552,14.5877,115.3877,36.359,160.4067,12.7827,0.8216,40.9907,79.5911,2.7312,893.4281,60.4636,13.1766,16.5205,41.5858,12.934,0,Infection_Indicators
12.0,39.9659,15.8011,25.7161,1.1779,1.2782,17.1687,12.1794,58.3233,12.8764,138.9119,34.3245,162.1683,14.479,0.7887,25.1057,57.2025,2.5927,1640.8114,69.0794,14.9457,14.6219,33.6746,23.1173,0,Infection_Indicators
20.8266,38.9559,15.5876,31.4561,1.3037,1.2983,27.3465,13.215,62.493,21.6637,139.1413,34.5811,158.7566,8.2893,0.96,27.2288,66.8045,2.6451,1079.0382,94.6739,18.9876,20.628,50.6116,20.6177,0,Infection_Indicators
19.8487,35.7771,21.8932,39.3105,1.3567,1.1992,17.3143,25.2387,34.9006,20.9733,96.0665,38.0465,149.7537,17.6084,0.8927,31.9888,60.7372,2.5944,1276.7944,56.2531,15.5215,19.855,43.5399,25.8931,0,Infection_Indicators
24.546,47.6817,20.8536,36.995,1.2456,1.4774,13.709,17.2254,49.6775,16.6149,138.2283,25.7932,159.7437,20.9159,0.9376,39.8485,73.8973,2.5424,1087.5764,47.6257,10.254,16.9933,45.3375,21.7824,0,Infection_Indicators
24.9072,45.507,14.6688,27.8318,1.484,1.3415,16.123,10.06,67.6904,18.9967,138.4256,38.2071,151.4442,16.0074,0.7587,21.2326,74.7999,2.9787,478.7472,58.573,14.9967,15.639,36.4832,19.4493,0,Infection_Indicators
20.9403,48.3957,21.5187,30.3619,1.416,1.6958,18.1573,17.1746,46.8826,23.8314,132.1234,37.215,154.6371,15.7432,0.9904,40.4449,71.0647,2.7494,1731.2472,81.7381,17.4766,18.2668,35.8861,29.2095,0,Infection_Indicators
26.3236,50.7774,21.9417,39.823,1.1676,1.1953,18.4788,11.3026,38.6184,12.3688,137.1313,23.9171,148.3322,17.1936,0.992,32.1937,62.06,2.3,1930.255,57.2991,17.299,25.896,49.9216,24.0833,0,Infection_Indicators
12.0,32.0481,25.7123,42.3273,1.479,1.223,15.0423,12.0656,41.2392,13.2455,145.4617,30.188,158.4675,13.7186,0.8829,31.6664,63.6641,2.4424,552.674,99.771,17.6455,21.6345,53.1097,17.4989,0,Infection_Indicators
36.9214,66.8892,27.4115,38.2057,1.3853,1.481,19.8507,10.8518,36.7471,17.563,132.4782,27.2439,158.9634,24.3231,0.7758,43.93,75.7843,2.5337,1073.6102,72.1118,12.2771,20.1236,44.036,21.0394,0,Infection_Indicators
27.2767,46.4609,12.0943,27.9769,1.3069,1.6121,12.8216,8.9115,40.7476,22.6727,107.6131,16.0,152.8419,18.207,0.8452,43.281,78.6655,2.7892,352.1033,57.0066,14.7617,23.6953,38.9215,23.2239,0,Infection_Indicators
21.5825,44.8263,18.3289,32.9059,1.3011,1.287,20.28,10.872,47.6185,20.1934,133.671,27.588,140.7029,20.5753,0.9584,36.6851,71.6234,2.8996,913.9133,58.8017,9.7229,10.2783,52.2588,31.3629,0,Infection_Indicators
25.9057,38.744,16.5338,27.564,1.108,1.4515,27.4237,14.5736,48.0274,21.1173,129.6134,43.9176,157.4163,22.5274,0.9194,46.2494,99.2283,2.6446,1193.6098,59.5265,18.8021,21.8422,27.2634,15.7383,0,Infection_Indicators
38.2268,56.3962,10.0,22.8765,1.2884,1.3863,26.2366,11.7314,57.7721,12.6953,147.9334,28.6796,156.514,14.6545,0.9149,34.7587,92.2999,2.7742,1277.4007,43.2664,11.1399,14.8285,25.0149,31.1986,0,Infection_Indicators
28.5644,42.2469,21.1262,31.8435,1.4668,1.6649,16.6789,12.0513,50.4209,16.3889,152.2121,37.1776,142.6345,21.2732,0.7572,35.0236,86.5185,2.7247,1064.3063,63.3237,7.0752,29.9696,43.3306,25.8795,0,Infection_Indicators
21.7996,44.797,22.8231,29.4299,1.4894,1.357,16.1641,17.1202,51.721,15.5306,106.7908,27.7298,160.7415,12.8999,0.7628,18.0,51.376,2.6638,1369.2528,30.0,15.0087,13.8836,47.8675,27.6431,0,Infection_Indicators
18.1533,43.7473,10.0,16.6802,1.3065,1.3334,14.4604,16.933,34.1458,21.4921,134.9557,26.733,145.7325,13.9944,0.9181,38.8448,91.8188,2.8659,658.5321,58.0458,10.8792,28.9834,33.4257,28.809,0,Infection_Indicators
27.2739,50.8301,23.5618,39.955,1.2808,1.15,12.6921,21.5666,29.4754,14.4698,177.8921,33.468,162.4963,18.1713,0.889,26.0595,76.674,2.6185,1334.5332,56.8697,12.1876,26.3683,50.213,33.9749,0,Infection_Indicators
13.1324,40.5041,17.7979,26.5132,1.173,1.5212,25.5786,17.2808,48.5538,13.5546,121.063,40.7473,161.4554,15.8439,0.833,35.6753,58.9392,2.7166,671.659,98.4055,8.8782,22.1369,51.0596,14.843,0,Infection_Indicators
26.3739,48.3795,35.1513,41.984,1.3475,1.2723,22.0162,13.542,36.3913,16.7419,92.5465,39.2565,169.3109,16.9793,0.9751,38.2365,85.4219,2.8787,1053.7386,68.5466,16.6106,14.1739,52.7009,34.2764,0,Infection_Indicators
29.3015,48.1561,29.3504,36.9653,1.3524,1.5034,17.9648,11.0082,53.9327,21.2451,136.6745,41.4881,164.1914,16.5372,0.9894,40.3482,63.7504,3.0,280.0,79.7762,7.754,30.0205,40.359,21.6242,0,Infection_Indicators
18.1717,40.8092,19.5401,36.0236,1.2413,1.5623,15.075,7.9696,56.8536,23.1383,130.654,29.2063,149.5815,17.3065,0.8946,33.9342,84.0731,2.8792,1099.9523,83.5001,16.9801,29.6367,39.3236,11.7023,0,Infection_Indicators
20.6423,44.3536,13.3531,25.8496,1.3475,1.2553,11.565,15.5319,55.9349,20.1383,137.9519,27.8751,148.3549,19.339,0.8269,40.349,92.746,2.7558,1735.9356,74.3333,19.5984,12.9472,32.0734,22.0317,0,Infection_Indicators
18.1856,45.5161,18.5384,32.9637,1.4913,1.212,25.8443,12.1838,28.0,12.697,133.8605,25.1483,155.3837,17.353,0.7655,36.4755,62.9525,2.4007,280.0,51.652,10.2889,19.5637,41.2934,29.2397,0,Infection_Indicators
21.351,49.6255,20.891,38.1771,1.3761,1.421,18.6283,9.7188,59.0583,26.1324,112.8468,24.8318,154.0413,12.1418,0.7907,29.7334,52.076,2.8215,1966.0224,85.4299,14.8503,27.1619,51.8472,19.3343,0,Infection_Indicators
17.7627,35.6892,25.3186,33.0402,1.289,1.2161,15.3696,15.1902,56.8223,19.4272,137.0828,26.1811,163.6661,17.734,0.9459,30.7511,55.7249,2.7052,1323.8308,49.3565,13.5945,18.0434,64.0,26.4563,0,Infection_Indicators
13.4329,34.23,17.94,31.6674,1.243,1.3765,23.0355,15.3312,34.3664,15.6052,100.3529,31.4595,158.9809,17.6728,0.897,47.1144,89.3019,2.6361,1277.6793,83.8238,15.8662,29.0774,47.178,22.3636,0,Infection_Indicators
27.4412,43.138,28.2773,34.9924,1.5161,1.4887,11.587,15.0291,40.6674,19.0574,113.6735,30.5288,152.3797,13.8073,0.8467,33.1409,73.6092,2.6359,280.0,57.9036,13.2089,22.1347,37.1786,23.0615,0,Infection_Indicators
28.4821,59.6779,26.5722,33.1566,1.3445,1.1861,17.0232,15.0277,41.9091,17.0161,153.172,31.4339,156.3658,11.7576,0.8115,41.1737,66.876,2.7397,1491.1262,30.0,18.6144,29.3181,40.5826,10.0,0,Infection_Indicators
18.3339,44.907,21.8945,31.6789,1.1249,1.3094,21.9796,18.6608,33.364,29.9027,120.0502,22.8147,159.519,14.6068,0.9577,22.8014,59.1883,2.5141,861.0307,83.4022,11.7838,30.5949,52.6081,24.8392,0,Infection_Indicators
12.4951,32.8114,19.4234,32.0065,1.3904,1.15,14.3648,21.0167,40.764,12.7175,117.0412,46.4753,143.1782,11.7948,0.8984,23.453,62.3226,2.7595,1938.3374,92.7,16.7158,16.1256,42.6078,21.9577,0,Infection_Indicators
23.3222,51.2471,27.882,42.7023,1.2833,1.7906,17.0889,12.0523,62.2856,11.3659,92.5518,32.8369,155.9878,15.0884,0.8214,39.736,66.7123,2.7385,743.5126,62.8869,17.4104,33.7234,47.6354,10.0,0,Infection_Indicators
17.7665,47.5797,22.2154,35.3787,1.2784,1.6099,20.5398,15.2762,34.5695,19.2913,104.3609,27.532,150.2924,11.7351,0.8888,20.3851,65.002,2.9994,1128.5015,40.7169,11.2172,15.4912,52.9167,20.4245,0,Infection_Indicators
27.6616,50.9535,27.3002,41.2565,1.3872,1.4318,22.1176,13.0443,43.5103,20.029,145.5227,29.4394,156.0013,20.6024,0.9187,46.7353,97.1355,2.6014,777.3014,33.5317,16.2388,22.1252,51.035,18.4465,0,Infection_Indicators
17.5159,42.9501,21.5468,36.2985,1.1278,1.4562,9.5045,14.6877,63.0799,13.7345,112.8135,37.3482,145.2004,13.469,0.7997,44.3273,79.1366,2.7314,1268.6184,68.8027,12.6435,23.2204,42.0101,25.9757,0,Infection_Indicators
18.5815,36.9203,17.6855,33.3914,1.2672,1.5148,16.2881,16.1928,48.9834,18.6379,123.8121,40.6084,171.5448,16.0353,0.8776,25.2,77.2958,2.6108,1048.4403,70.1318,18.8122,25.6525,49.5349,20.2293,0,Infection_Indicators
21.2547,50.7155,26.8358,34.8621,1.3302,1.376,24.7202,14.1651,35.9241,16.2291,158.5739,40.6045,160.2217,12.5979,0.8778,32.5044,85.6527,3.0,1313.3437,79.1104,18.8728,27.3442,49.9776,20.9519,0,Infection_Indicators
16.7877,41.4153,20.7056,29.9523,1.4595,1.2833,14.0916,13.2882,46.2151,16.8112,128.2816,33.5503,146.4221,10.9868,0.8801,36.0424,76.2633,2.6963,644.9048,64.4393,14.8593,17.6293,30.5726,34.3482,0,Infection_Indicators
23.7615,44.1409,23.6729,35.1692,1.4401,1.2675,9.3113,15.0803,53.1386,17.4507,128.843,30.8845,153.4059,10.6078,0.8049,37.562,64.2746,2.8219,1228.6714,67.0251,10.0194,19.911,25.5835,24.1601,0,Infection_Indicators
26.1355,54.1835,19.0301,29.125,1.5866,1.3031,24.4644,14.6121,44.0881,24.769,146.2967,34.0746,157.7379,9.4976,0.998,31.2122,51.4915,2.9155,531.5387,54.6915,11.8984,27.1793,34.4897,17.866,0,Infection_Indicators
12.0,32.3479,20.5996,31.122,1.1,1.3862,18.2785,13.1932,36.6168,12.7249,155.7874,28.1461,158.2145,12.459,0.781,29.2877,71.073,2.6498,1334.4663,56.5766,15.0288,19.556,43.063,20.8835,0,Infection_Indicators
19.7079,37.4873,17.3657,27.8903,1.4506,1.15,21.3429,11.0277,41.3884,13.9591,158.4173,32.1142,161.5326,21.2021,0.7889,34.1788,69.2733,2.7347,898.5983,62.2968,13.4634,23.4727,47.4584,22.1281,0,Infection_Indicators
23.2289,50.7336,18.6065,28.7176,1.1553,1.478,24.6731,16.4236,44.1773,15.6227,175.7218,22.0392,149.2091,14.4098,0.8991,29.4406,54.7313,2.8973,854.2707,51.2238,17.9156,12.7695,55.8702,28.3835,0,Infection_Indicators
30.6792,46.2824,17.615,24.9334,1.2741,1.5282,13.6722,19.0882,47.2853,15.4001,134.4166,22.3158,152.2468,14.9438,0.9777,33.887,58.8169,2.6877,1289.1668,60.1575,16.6509,16.1572,51.0271,23.7918,0,Infection_Indicators
14.7201,41.9166,10.8615,20.9273,1.453,1.4389,11.643,13.7149,48.7153,18.7899,101.1241,25.7678,155.5515,18.1452,0.8723,39.2648,82.023,2.6821,1377.143,74.4863,10.8002,9.552,39.8556,29.5106,0,Infection_Indicators
27.4109,56.3117,24.7218,35.4625,1.3026,1.309,16.3392,22.26,39.3221,23.8124,106.7907,35.4153,158.0796,22.4849,0.801,48.1175,87.4215,2.5933,746.3366,30.0,14.2391,26.6971,34.8896,28.5116,0,Infection_Indicators
26.4871,49.5003,20.6945,28.5322,1.414,1.6445,23.26,17.5434,46.5408,19.7474,162.9901,22.6706,153.5539,12.9097,0.9539,21.1248,60.0623,2.9458,935.1117,80.4425,16.1505,23.5691,40.7601,14.6863,0,Infection_Indicators
19.7749,36.0098,23.4727,29.9706,1.4082,1.15,20.9706,18.0211,51.2979,17.6223,161.6648,33.1889,144.1738,16.7733,0.7632,32.6788,64.7898,2.7745,2093.988,86.5471,9.3993,23.0798,54.6642,13.2747,0,Infection_Indicators
23.8265,39.667,32.2789,46.2791,1.5108,1.6625,32.0,10.006,48.1859,8.6306,123.563,28.1626,169.4641,12.9015,0.8594,47.0672,80.9473,2.4647,280.0,64.5122,6.0,19.0782,56.147,25.3442,0,Infection_Indicators
38.9009,55.6331,25.8467,37.6487,1.2135,1.3797,15.5677,12.0604,60.1785,18.1296,140.3642,27.2807,164.2428,15.1497,0.8156,27.6331,65.5962,2.7068,1773.8319,97.1902,9.0589,14.2671,40.7894,17.6958,0,Infection_Indicators
42.5597,60.2638,28.5341,42.1034,1.1588,1.15,15.115,18.3268,50.6525,17.0032,154.554,27.1778,157.4333,19.0635,0.8866,35.5941,89.6761,2.5355,1380.2802,114.6638,13.5826,23.3598,37.0955,24.1781,0,Infection_Indicators
23.3671,50.694,15.0211,25.8981,1.3661,1.5345,20.2014,17.7365,42.4347,14.5462,144.774,39.8916,149.6,13.6962,0.9391,24.887,69.5519,2.6983,1062.8069,59.5742,9.3069,20.3712,40.6797,20.6494,0,Infection_Indicators
30.2987,60.0034,19.4529,26.4933,1.4403,1.4128,24.4699,12.9506,36.1124,24.3923,127.2304,33.5509,164.6433,11.8722,0.9413,44.0753,66.6271,2.8417,499.9113,49.9809,19.4043,26.3171,42.4989,24.5803,0,Infection_Indicators
17.1762,44.3,15.8956,26.6207,1.1682,1.7387,14.9651,17.4998,44.6927,16.5575,95.5716,31.3112,147.892,9.2737,0.7643,51.3231,77.3929,2.7511,1773.7394,82.0004,20.7897,16.9147,44.0891,10.0,0,Infection_Indicators
27.5745,59.1552,19.0838,30.1326,1.4448,1.4007,21.9707,21.0534,49.4318,19.4024,124.6218,16.0,158.7186,15.6207,0.9243,32.5714,74.5601,2.7148,1496.0665,60.0916,16.1061,18.1355,37.8014,23.5471,0,Infection_Indicators
23.2773,41.3754,18.41,26.7221,1.265,1.2846,18.2665,20.533,40.6237,15.8055,121.6956,30.7763,146.6957,15.7552,0.9728,49.5831,108.9315,2.6686,711.139,81.6818,13.6087,14.3523,32.5298,35.5735,0,Infection_Indicators
24.7113,45.3681,18.3065,30.733,1.1,1.3207,24.267,8.2374,28.0,20.5703,159.8731,24.3685,149.1012,12.121,0.8512,25.8199,52.0007,2.7424,1297.6256,30.0,10.5726,14.2437,40.9493,19.5027,0,Infection_Indicators
21.8526,33.9763,19.9842,35.7124,1.2751,1.404,17.3717,7.9298,55.8275,22.0655,152.2667,47.9635,147.7679,14.6584,0.9944,35.4935,79.6233,2.8968,1197.6844,36.6197,14.6012,32.5916,53.293,19.0351,0,Infection_Indicators
34.1408,55.8243,17.4476,32.9758,1.1,1.5427,16.1685,17.2948,46.2269,11.056,158.2859,47.3736,159.4509,15.7699,0.8928,44.352,87.6763,2.7498,765.5751,89.6409,13.6332,15.6734,50.9811,21.1358,0,Infection_Indicators
23.3794,53.2905,15.3301,32.9296,1.1,1.3046,28.3641,15.5844,54.4562,13.9498,115.031,23.4525,155.3201,8.0235,0.8302,37.2168,96.213,2.575,571.6299,30.0,15.1586,21.2752,49.2322,15.7822,0,Infection_Indicators
16.0571,39.98,18.4826,33.3575,1.3912,1.3312,11.8765,13.6661,56.8595,11.1277,108.3982,32.8839,149.1074,12.8299,0.8034,44.8611,73.5593,2.6122,577.0521,35.2383,11.4799,25.3917,41.4246,19.9802,0,Infection_Indicators
28.0319,47.2255,22.7761,37.0229,1.2645,1.373,10.7384,10.8354,55.4201,21.421,165.2413,27.8764,152.7401,8.8477,0.9318,47.3553,91.7426,2.5469,1268.8434,92.0239,13.1981,10.3979,49.8858,11.2747,0,Infection_Indicators
16.1372,32.7944,21.3284,33.2324,1.1883,1.3103,9.2261,14.69,43.7584,10.472,129.0843,37.0111,157.5892,14.7037,0.952,35.4734,81.2298,2.7627,1210.6403,85.5187,11.6135,33.5876,38.795,23.2106,0,Infection_Indicators
18.9336,33.6019,10.0,24.2997,1.2499,1.4702,19.3781,18.7157,37.2745,17.6368,147.2755,34.5284,158.9792,20.4322,0.7688,22.6893,53.0912,2.6593,1330.3618,61.3102,18.4888,23.2186,38.0132,25.1995,0,Infection_Indicators
16.4608,47.0743,15.592,21.8878,1.4712,1.5508,21.3391,18.7877,38.0865,19.5687,126.9965,37.9282,155.1934,14.4602,0.9566,35.8904,58.0945,2.9973,676.6237,30.0,14.8018,24.6534,45.0965,10.3278,0,Infection_Indicators
12.5126,38.1629,17.5908,31.5376,1.1812,1.5473,15.3451,13.0019,43.1021,18.4896,175.0273,33.8521,155.1171,19.8692,0.8648,37.7131,90.5634,2.6358,913.4784,36.7668,15.2434,11.5279,41.3,30.6632,0,Infection_Indicators
24.363,40.0948,24.8482,33.107,1.481,1.4475,25.0847,15.6549,35.586,12.0009,115.4698,36.6344,164.3202,23.3974,0.9354,24.6548,58.754,2.8145,1440.0317,71.5183,14.4298,23.3242,45.5855,31.3448,0,Infection_Indicators
29.0581,46.7808,24.3192,38.0046,1.3479,1.387,19.3787,12.6545,50.6844,14.3193,127.3229,27.4228,162.0476,15.9531,0.8029,43.9065,83.9313,2.6333,605.3919,76.1592,15.8874,15.7022,54.735,26.5053,0,Infection_Indicators
6.774,19.5491,7.09,16.1178,1.2086,1.3355,27.2976,13.4297,44.2621,15.2219,130.1341,43.4625,143.4653,13.2898,0.7733,72.4687,129.4863,2.5862,1941.588,25.4706,10.793,41.669,39.723,53.6756,1,Minor_Injury
12.6652,25.4992,12.0579,28.0466,1.339,1.434,17.5001,15.2801,37.5449,16.0528,136.7877,35.6958,156.1412,11.351,0.8575,34.184,143.9651,2.5424,1822.7026,32.9102,9.3977,39.6633,35.044,32.8604,1,Minor_Injury
10.5832,16.9207,8.6354,19.1392,1.1294,1.3332,20.5429,14.7939,30.4385,22.3762,109.866,36.7544,151.7512,14.9321,0.9998,51.218,152.5611,2.4982,2548.6647,34.1344,10.4126,29.3074,42.0669,29.7399,1,Minor_Injury
15.7212,26.7151,12.9169,20.9154,1.1961,1.2693,27.4904,12.9784,48.8235,15.4534,183.4696,31.3138,142.3826,19.9629,0.8403,32.7623,108.4932,2.6853,1828.5681,34.0952,17.2088,31.0244,46.3109,32.1641,1,Minor_Injury
16.5167,27.5253,17.7468,25.4785,1.1955,1.3487,27.2749,9.5639,39.5427,7.4203,168.955,30.901,147.3352,16.1066,0.8638,52.1243,133.0527,2.6516,1500.5,50.3992,9.3943,38.9462,38.6719,46.3537,1,Minor_Injury
10.3803,19.4799,17.303,33.7072,1.1702,1.5238,15.5419,12.2928,27.2824,20.7593,151.3718,36.4254,163.6134,14.8294,0.9792,56.1045,162.194,2.9,1621.5681,59.0627,11.9362,19.6307,38.1144,33.4454,1,Minor_Injury
14.7377,22.2902,21.1197,31.6296,1.2546,1.1937,31.6508,11.5087,34.4754,13.6147,164.4315,33.738,143.15,24.9941,0.8793,40.982,135.7757,2.8224,2014.1433,23.9765,15.3797,23.3361,41.1958,44.9525,1,Minor_Injury
4.0,21.8562,9.3453,20.018,1.3198,1.4256,19.7911,9.8964,33.7823,9.0796,120.1146,25.0217,145.2354,18.7188,0.7899,54.8623,103.6755,2.8791,927.192,43.1147,16.9988,26.3698,33.0117,46.1898,1,Minor_Injury
9.1676,26.0608,12.345,19.394,1.1692,1.3611,25.753,13.7494,39.6502,15.3484,160.4907,44.4741,151.337,18.0031,0.9165,32.6672,120.0795,3.0,1865.8305,29.3595,18.0743,32.1741,27.0828,34.5511,1,Minor_Injury
4.0,21.5481,13.9309,26.1513,1.2493,1.2119,27.7258,10.3146,20.0,16.0146,124.5267,38.057,158.9932,26.6248,0.7724,80.0519,197.8249,2.6039,2071.5758,30.4829,13.8712,26.0523,37.8802,27.6922,1,Minor_Injury
5.0852,19.6492,15.1754,31.6595,1.1306,1.3199,16.9932,11.6153,47.2353,18.6868,151.7733,27.2015,150.8735,17.5872,0.8839,64.9177,151.8212,2.591,1147.6012,14.0,13.4768,34.6241,23.32,26.1935,1,Minor_Injury
8.4498,18.4583,18.3186,25.6005,1.1415,1.2275,13.0945,11.1501,38.585,14.9547,181.692,49.6679,142.4946,8.3023,0.9914,35.158,100.8527,2.5226,2620.4052,31.5533,14.8179,23.6272,35.5729,31.973,1,Minor_Injury
10.9483,17.5757,9.2842,25.5147,1.2607,1.2603,30.7623,9.4395,44.0209,14.382,131.6505,33.5292,141.926,17.4366,0.799,67.1793,158.4894,2.6142,2257.9297,24.0191,15.5407,21.323,40.4089,40.5776,1,Minor_Injury
5.0789,20.1546,6.7034,19.1793,1.2102,1.1842,24.5277,14.5619,37.7491,21.1141,128.3775,32.7042,148.7759,19.2683,0.792,26.0,124.1328,3.0,1810.6471,39.8592,10.2722,32.5123,30.9211,38.74,1,Minor_Injury
4.0,13.056,7.0978,18.9652,1.2491,1.2856,24.3081,10.6725,63.6149,20.9405,103.5982,36.8629,143.352,12.9348,0.8984,49.2755,176.7354,2.6071,1375.2409,43.1943,15.9782,44.3652,29.6071,39.2783,1,Minor_Injury
11.125,21.9553,10.8091,27.8496,1.1607,1.3205,17.9283,6.5947,38.9592,12.8703,146.9252,27.2661,154.2536,14.5233,0.9508,46.7859,123.5209,2.4668,1959.5241,29.773,9.3448,37.4304,29.9106,32.5294,1,Minor_Injury
6.1916,19.1344,17.8011,34.7372,1.1028,1.3154,29.3446,11.1853,49.8089,20.671,164.4472,37.4419,150.5244,23.8638,0.7917,75.795,128.1165,2.8088,1040.1912,32.639,16.3379,15.0,47.5086,45.1014,1,Minor_Injury
4.4244,22.1215,13.2529,29.3634,1.2689,1.2901,21.9017,10.4206,27.8588,20.6335,165.6995,44.5947,139.4456,21.0416,0.8411,45.3655,160.6492,2.7282,2590.9109,37.471,9.29,38.0283,43.9409,36.7832,1,Minor_Injury
7.9595,25.3799,8.3808,18.2174,1.1644,1.2617,18.333,16.4174,36.6444,21.311,170.5175,34.3516,140.9493,8.1135,0.844,61.6604,175.4084,2.2459,1964.2825,14.0,8.3071,39.9837,38.1508,33.6752,1,Minor_Injury
8.4871,20.6012,11.1592,23.7082,1.1631,1.263,18.674,4.5,41.5012,22.6298,105.15,35.4421,142.7586,19.8468,0.7975,34.7384,100.7728,2.5906,2489.375,46.286,11.4103,43.0502,34.7011,32.06,1,Minor_Injury
4.3797,10.8301,11.5493,24.38,1.04,1.5351,24.3543,13.8935,38.5367,12.5595,114.1534,22.2048,160.6625,11.9447,0.8392,60.913,176.4803,2.4228,1070.1253,45.9162,15.0585,36.8459,41.368,56.5493,1,Minor_Injury
17.1532,32.0648,20.7291,30.0863,1.1458,1.3059,31.7941,10.6785,38.8825,8.294,148.0443,19.7498,149.5751,21.2424,0.9706,60.5427,110.6225,2.6012,1570.8482,41.0352,12.9531,15.0,43.0499,31.4941,1,Minor_Injury
14.4036,29.5468,11.6805,23.7419,1.2279,1.3247,17.0159,11.7312,43.8762,9.2785,155.1152,35.8063,147.2477,22.1672,0.9437,77.8787,132.6318,3.0,1796.4567,23.8421,15.847,52.9221,35.8725,39.5452,1,Minor_Injury
17.8395,26.1344,11.3918,24.7769,1.18,1.2777,16.4802,9.5942,41.5049,16.0193,174.5146,30.1959,147.3456,14.4766,0.7676,78.2235,178.2626,2.7403,1767.8749,41.6531,12.764,22.7756,37.8504,26.0423,1,Minor_Injury
7.868,25.274,6.883,17.4864,1.3973,1.2193,14.7966,15.3589,27.9552,13.7554,138.3628,34.4429,151.135,14.4236,0.8003,47.2259,93.0733,2.5007,1832.2789,34.9294,14.026,39.5946,38.9448,39.0823,1,Minor_Injury
8.3532,16.8947,10.2677,25.7781,1.1875,1.417,24.554,16.6949,45.3845,10.7933,141.1616,42.9196,139.6669,19.3887,0.9512,50.4636,142.9903,2.648,1107.7915,34.0868,5.742,25.9314,54.0,40.852,1,Minor_Injury
11.6495,26.7087,11.8975,29.3596,1.1534,1.1546,25.2044,8.0425,35.683,11.5193,169.8943,49.4114,139.1905,9.1614,0.8905,67.2673,135.2754,2.6908,2322.237,15.427,11.2087,33.9243,29.1152,50.5805,1,Minor_Injury
12.211,21.831,18.2553,28.8635,1.2736,1.3644,20.2775,11.2793,41.1112,14.8778,161.0023,54.4979,136.745,23.0339,0.9518,26.1714,82.142,2.6612,2148.395,34.581,15.1601,28.4526,30.1927,42.2978,1,Minor_Injury
17.1056,29.126,7.7042,22.4098,1.2075,1.1785,39.6461,8.7434,35.5692,17.1633,170.8038,42.6635,157.8457,19.7777,0.853,51.4467,141.0438,2.4935,981.207,45.4245,13.1297,39.5405,35.235,27.4181,1,Minor_Injury
6.3311,17.2583,14.5411,31.3243,1.261,1.3693,21.295,15.3552,34.6241,12.7996,107.0133,30.9723,142.107,15.6961,0.824,35.3095,109.7806,3.0,2003.6768,36.7442,9.8223,42.5247,31.0619,39.1621,1,Minor_Injury
7.8031,20.4666,15.3965,27.7275,1.11,1.3739,21.2461,15.2418,27.2361,10.4489,146.0343,35.6317,143.1535,20.4657,0.9193,66.5469,174.522,2.8943,1080.7068,46.9521,10.382,40.1938,47.803,39.1102,1,Minor_Injury
20.2937,37.133,14.749,21.9316,1.3064,1.1723,25.0623,13.4015,32.4281,14.8207,124.4916,32.2263,152.8431,14.1392,0.7689,52.5418,148.2072,2.8721,1606.9036,27.7639,11.8694,44.3433,28.6166,30.9386,1,Minor_Injury
12.1551,23.8804,13.3412,31.276,1.1782,1.3161,26.1157,6.3859,34.6899,14.4802,147.6111,44.5465,142.3696,15.2592,0.791,57.7615,179.7508,2.5296,1559.0474,41.3226,8.8116,35.8503,23.2357,29.948,1,Minor_Injury
8.1016,19.8844,10.5521,22.5897,1.3436,1.1805,25.7438,13.7426,49.1998,16.291,119.576,22.162,144.9072,8.6882,0.8214,65.1744,118.5082,2.6705,1370.5462,34.3968,11.6736,29.0508,17.8189,23.3477,1,Minor_Injury
4.0,19.2879,7.9977,14.6225,1.1204,1.2819,25.874,15.0889,59.576,6.5023,145.4572,30.543,143.4815,14.711,0.919,64.3214,116.8872,2.6228,2213.2635,34.2204,17.2286,18.3872,26.0197,16.0,1,Minor_Injury
17.8626,27.1649,6.5941,23.5092,1.1671,1.3136,23.8424,9.6564,32.1381,9.2043,148.5002,24.9696,147.0238,20.1662,0.7707,26.0,143.7536,2.857,1016.2116,31.3046,14.5538,25.9303,42.5864,28.0671,1,Minor_Injury
8.6648,16.4576,7.7836,19.9034,1.3226,1.2791,22.5232,14.7956,46.7113,15.4196,137.6184,20.8082,142.8837,14.7225,0.7594,39.0563,88.5058,2.7928,2128.3631,28.1767,12.3004,42.6559,38.5637,34.4597,1,Minor_Injury
8.8307,25.7608,7.995,21.3792,1.298,1.2735,34.4958,16.4899,38.1875,13.5709,175.5845,43.0606,138.5374,22.3862,0.7734,40.2449,165.7929,2.6134,661.4368,31.4453,12.4572,46.2859,43.1793,29.754,1,Minor_Injury
10.9222,18.5602,14.0269,22.771,1.213,1.4864,22.4918,12.4307,35.1415,19.8959,161.2771,38.6049,147.4966,17.6655,0.8828,54.4174,153.9968,2.629,1358.6958,30.3477,11.0614,41.1946,33.1593,53.7439,1,Minor_Injury
14.4737,25.7063,3.5173,18.5014,1.2812,1.3642,27.5444,12.7167,41.3645,16.6561,140.1549,20.9356,139.6849,17.0309,0.7578,46.1528,170.0759,2.6245,2739.5881,42.1595,11.6177,38.0483,32.848,35.9965,1,Minor_Injury
6.2012,18.6039,6.4885,12.4914,1.1554,1.2106,27.6438,10.3491,32.1492,13.0535,171.6354,35.1043,145.9245,17.005,0.8391,66.5194,180.9468,2.9413,1661.7693,57.7586,8.8053,28.8168,26.7568,43.5722,1,Minor_Injury
7.0838,18.4674,15.4181,27.8704,1.3426,1.3679,32.5222,8.3647,50.61,12.5423,161.986,34.7118,151.6246,17.7199,0.8709,42.2847,155.5105,2.6453,1969.0215,31.6045,19.5633,34.0748,32.6479,38.0363,1,Minor_Injury
13.0342,23.4147,11.0019,22.1911,1.1632,1.3132,16.085,12.5549,54.2021,19.5922,172.5837,38.129,154.0051,14.2422,0.8582,71.4507,118.0111,2.6079,2402.38,48.6331,10.5639,29.7144,30.346,38.4439,1,Minor_Injury
5.2955,12.0994,15.2475,21.5858,1.2786,1.251,32.409,10.3364,37.6481,18.5746,152.8817,23.9246,148.1028,15.6352,0.893,78.241,158.093,2.6668,1322.905,33.6908,9.2224,21.3454,35.3636,36.5642,1,Minor_Injury
15.4697,31.872,12.1099,25.625,1.1489,1.334,19.4273,15.5269,40.2112,16.6938,128.9132,40.6563,159.5083,12.9644,0.9425,46.8445,161.7791,2.7477,500.0,46.9123,15.1618,16.3135,31.4432,49.1136,1,Minor_Injury
4.0,12.9012,11.318,23.1142,1.2025,1.3948,21.3499,13.3475,40.995,15.4514,121.8067,40.2705,137.4778,17.5386,0.8524,70.5263,134.9149,2.779,1839.8875,41.0817,12.6347,15.0,44.8494,53.6302,1,Minor_Injury
9.2713,16.8443,17.8806,33.0745,1.1349,1.249,17.9619,12.6674,34.4864,9.5238,165.5926,31.0186,139.3912,16.7428,0.8168,36.9129,133.9036,2.6555,2691.0658,38.9776,11.1004,25.2935,35.2127,40.5151,1,Minor_Injury
4.0,15.6812,14.6953,28.0534,1.2674,1.3922,30.5412,11.5749,24.5735,16.5689,162.3153,32.2347,146.1989,18.1466,0.9531,53.5184,125.7747,2.6029,1404.9064,34.6941,6.8169,28.6708,40.2562,25.6964,1,Minor_Injury
9.6238,21.4421,7.6408,17.9007,1.2436,1.2837,22.7032,12.6506,47.1827,14.7382,149.6665,32.751,150.4761,23.8541,0.8926,34.8756,122.7215,2.7441,777.0223,37.4841,11.1564,33.8205,35.8658,26.2124,1,Minor_Injury
4.0,17.6726,11.6627,19.2112,1.0644,1.2285,28.816,10.1328,23.7605,16.5301,149.4425,33.5129,142.6208,26.3848,0.9872,52.935,138.9353,2.3578,1535.1499,35.7427,10.4882,26.4503,30.1138,40.4113,1,Minor_Injury
10.8118,21.0395,15.2919,24.1006,1.2757,1.5418,22.7405,14.569,38.1442,23.269,111.55,35.757,137.2467,8.0,0.9267,60.9911,109.5781,2.7298,3454.0647,31.5473,14.2854,26.1557,38.2142,32.8559,1,Minor_Injury
7.5025,17.981,17.267,29.1859,1.1009,1.3294,25.1071,14.8538,32.7519,16.5395,117.4745,37.0797,147.3193,13.8061,0.8507,46.6978,128.3314,2.6817,2758.8111,39.6848,10.2274,29.4826,49.9594,26.4835,1,Minor_Injury
12.2591,20.2091,12.0215,28.7619,1.1197,1.3885,24.5137,11.0299,23.7626,21.2776,137.9018,30.2698,149.1501,12.1155,0.856,35.8866,151.0231,2.5868,3359.9986,24.5536,9.2749,26.9115,37.8235,30.7682,1,Minor_Injury
6.9943,17.4068,3.5,10.7074,1.3382,1.139,16.6874,15.862,27.9982,14.7841,148.6443,36.7406,142.5009,13.3285,0.7819,46.7271,103.1343,2.6875,1002.0169,45.6641,14.2083,47.9075,41.8798,23.5867,1,Minor_Injury
15.9333,32.3893,6.4981,24.485,1.0821,1.4907,19.4444,9.5804,20.8716,14.0969,155.901,40.7239,138.6055,10.6587,0.9592,71.0642,144.4664,2.933,1770.648,44.3722,12.2542,15.0,34.8602,44.5413,1,Minor_Injury
4.0,18.1439,12.1086,23.1594,1.2401,1.3463,22.845,12.8281,25.7816,11.3393,171.0951,36.6757,144.609,19.6878,0.9172,71.92,127.5526,2.679,1839.6865,23.9062,12.0951,37.4681,43.4674,20.4647,1,Minor_Injury
10.9772,20.4001,14.1131,22.9836,1.2403,1.06,32.7039,14.0461,48.8163,9.1776,139.9022,52.852,139.0747,20.9713,0.7712,61.5218,149.0386,2.5773,2021.0862,41.9192,10.3961,42.4932,23.4993,21.5472,1,Minor_Injury
20.2352,34.6824,10.3893,27.7373,1.4034,1.173,35.6463,10.4198,28.2795,14.6323,209.8225,42.1616,150.6178,21.0783,0.9159,48.4812,136.0072,2.5434,1690.2218,30.4064,8.4232,33.2601,38.1971,24.1857,1,Minor_Injury
4.0,10.0154,18.993,26.4349,1.4291,1.3371,32.2472,10.508,32.6231,15.6637,142.3289,31.8481,150.2266,18.8788,0.7794,73.8516,133.8696,2.4298,2224.9405,35.629,16.5343,21.0434,39.5096,24.4675,1,Minor_Injury
4.5197,15.9006,10.1826,20.029,1.3399,1.2674,17.0236,13.2919,40.1032,23.3264,165.733,37.4448,152.4304,16.8953,0.9377,84.2746,156.949,2.6005,1689.0647,31.2309,10.5649,33.3831,35.6735,31.2677,1,Minor_Injury
12.609,24.7839,8.937,17.3389,1.3163,1.0866,28.0113,15.3606,46.6327,20.3739,191.1363,32.1513,147.6574,15.626,0.9445,26.0,94.5813,2.651,2507.4495,43.6903,11.229,39.6896,38.5591,48.5025,1,Minor_Injury
12.9873,30.5636,14.4221,21.3048,1.4621,1.3624,18.5063,12.3625,45.0934,18.8038,105.7452,26.2517,144.9521,19.9054,0.8982,59.6205,139.847,2.7315,1160.3681,46.3722,15.0859,43.523,32.6668,33.7161,1,Minor_Injury
20.3726,26.7737,13.0358,23.4369,1.199,1.1043,24.9534,12.3588,44.9629,15.8741,157.0713,28.0305,147.4329,20.8221,0.8819,71.795,134.5304,2.691,1426.679,36.1908,8.533,35.1493,29.2848,44.5657,1,Minor_Injury
4.977,18.9254,16.7551,24.6545,1.1538,1.3363,15.0587,10.9139,32.2303,19.0329,151.3207,25.1394,145.7809,14.0246,0.9283,64.5746,133.5906,2.9197,1297.1872,31.5973,12.6129,48.3495,28.4711,42.5127,1,Minor_Injury
13.8257,30.5933,10.2153,22.4339,1.1816,1.2845,23.4089,14.8916,43.726,14.6195,152.6457,32.0258,138.1343,18.6592,0.8572,62.4788,107.5397,2.8057,1324.8337,25.7281,15.0361,36.0364,34.811,26.7378,1,Minor_Injury
4.0,14.5738,16.06,27.0023,1.1936,1.4953,27.4116,5.7719,28.255,13.9176,191.7904,27.4884,141.4147,24.3734,0.9673,31.2966,82.0121,3.0,2473.5975,32.624,16.4307,35.4854,28.2028,34.8531,1,Minor_Injury
10.7687,22.7166,16.3301,27.3836,1.0869,1.2328,21.8565,11.2461,34.5819,11.1114,201.2544,49.9397,140.0276,24.6195,0.9118,90.8311,211.2956,2.3149,1487.8967,21.6064,9.3724,17.2276,36.0917,24.23,1,Minor_Injury
7.9944,19.8799,15.6601,24.7524,1.2493,1.4058,19.5138,9.4362,35.348,20.6377,144.7892,34.8292,153.1187,8.0,0.7623,46.7222,101.392,2.7149,2721.8635,23.8897,9.5153,37.0618,40.9422,30.983,1,Minor_Injury
7.4435,20.6042,15.0692,25.1156,1.173,1.2471,38.0083,13.5566,35.9094,6.6788,151.0158,24.2383,140.9794,16.0089,0.9062,53.8512,122.5553,2.6754,1419.7879,35.3267,12.7567,40.7189,43.2538,39.4458,1,Minor_Injury
16.5475,28.169,10.9548,24.1345,1.2222,1.2353,17.782,13.9738,39.2918,19.1441,174.5904,42.2057,141.4908,20.3843,0.8028,32.4651,114.7522,2.7758,2118.2924,40.3177,17.5063,29.9408,39.386,43.8896,1,Minor_Injury
9.1951,17.7094,10.1568,21.6208,1.3259,1.4253,12.7896,15.9246,32.5158,18.9279,150.268,35.2302,145.8894,22.9546,0.9092,61.9825,172.623,2.4543,3028.5844,28.975,15.8506,31.0452,45.2505,34.9308,1,Minor_Injury
10.3536,19.0852,11.1227,23.416,1.1762,1.4248,16.4455,15.0098,40.4222,14.5562,120.9614,31.0718,144.5882,21.6838,0.9933,40.707,145.8464,2.6295,2285.3513,39.927,6.7104,22.6898,35.1343,20.7475,1,Minor_Injury
4.0,15.3895,11.5589,24.4069,1.04,1.1101,28.441,16.4367,34.8993,18.2328,168.0246,49.2988,145.522,8.0,0.8284,47.8828,101.8515,2.5672,2365.392,46.1071,11.8991,41.8864,38.6825,35.5806,1,Minor_Injury
7.2352,20.2523,7.1517,22.9464,1.1033,1.3426,32.8586,12.3729,38.9823,21.772,125.5331,48.8204,152.8375,13.341,0.8105,50.4671,120.1161,2.4186,1266.5791,36.8172,7.9817,40.3071,41.5322,28.6471,1,Minor_Injury
7.2317,17.9867,13.228,30.7938,1.0496,1.3298,25.5051,10.1194,28.7249,21.4035,151.846,33.1674,140.1778,13.8018,0.8836,61.7465,139.468,2.4951,2494.0403,29.5675,10.2997,15.0,24.8881,22.9448,1,Minor_Injury
15.2353,30.866,10.5015,22.3382,1.3257,1.1225,18.1414,9.7635,35.4824,13.1183,160.6122,40.8858,152.416,16.0294,0.8487,41.4683,118.581,2.5386,2377.4724,22.7944,14.6597,16.8631,40.929,33.7466,1,Minor_Injury
6.8907,14.9789,10.5681,25.6972,1.2338,1.2522,24.2115,4.5,24.3625,17.9639,170.1693,27.7161,145.5358,18.8262,0.7744,48.8615,140.7235,2.7856,1262.6779,30.8405,14.961,54.4859,34.29,22.3372,1,Minor_Injury
13.93,29.4424,14.2252,27.7746,1.2773,1.1963,13.9049,9.2742,30.1622,18.1372,148.8703,36.4046,139.3878,25.5397,0.965,63.9363,116.2123,2.7385,2062.5012,27.3878,17.0689,17.7845,28.2108,46.6319,1,Minor_Injury
26.0,38.1168,13.0773,24.1467,1.1952,1.281,21.4726,15.3247,47.9575,16.6322,153.8924,34.6693,147.1176,13.8891,0.9924,37.7653,98.861,2.6864,2068.4108,38.3704,17.8915,43.2981,30.8574,42.3827,1,Minor_Injury
4.5063,14.5593,10.5325,21.5539,1.04,1.4335,14.9536,17.9828,44.9153,13.8772,145.5956,38.4011,140.3894,17.4326,0.9241,45.1972,95.7223,2.3975,1673.1106,35.155,18.3189,29.8314,45.1345,39.32,1,Minor_Injury
9.3259,20.8774,15.3289,30.7498,1.2518,1.4447,22.7685,7.8769,56.1441,13.6209,145.8576,44.2481,143.349,12.9646,0.8205,47.6492,106.1248,2.6581,1591.6517,36.3279,11.5552,18.1089,47.9563,35.9318,1,Minor_Injury
4.0,18.9225,7.531,20.4998,1.1159,1.2435,25.7081,7.4163,43.1735,5.5,151.8603,27.0393,144.3144,20.4335,0.8729,47.9316,144.4429,2.6838,2254.9173,40.5271,15.0317,46.8084,44.4476,33.5832,1,Minor_Injury
10.3043,21.7581,21.9616,30.4731,1.04,1.3131,25.5097,12.3629,33.7637,7.3019,124.2236,46.6435,143.4539,19.4803,0.893,52.4093,98.389,2.5156,1533.6397,26.757,9.8387,28.4575,38.8682,23.1905,1,Minor_Injury
13.5233,19.7889,6.1177,19.8063,1.072,1.219,26.7839,8.5224,29.0626,14.2005,171.2128,49.4826,150.9536,22.3817,0.7788,57.0969,182.4206,2.977,1957.3686,25.0127,14.1326,30.9154,37.7344,34.2343,1,Minor_Injury
10.805,20.3442,3.5,10.0,1.158,1.1791,16.6057,11.7477,42.086,18.3106,130.3358,29.6745,149.2141,18.0593,0.7508,64.5336,188.765,2.6348,2264.8309,41.3809,12.6067,23.9247,31.1029,30.0519,1,Minor_Injury
4.0,13.7933,13.3433,24.4372,1.1188,1.174,27.7602,13.1269,32.0272,13.1489,149.6175,42.4888,140.2916,22.7359,0.8131,71.8169,155.2644,2.6236,1112.2087,31.5732,16.7576,15.0,35.6545,31.4581,1,Minor_Injury
14.8921,27.3881,13.639,23.5258,1.3348,1.2803,33.0952,15.5094,43.5462,19.8455,140.5007,18.0,144.0052,22.8873,0.847,62.8409,142.9624,2.5237,2674.8209,25.6032,13.0155,25.8756,40.6121,39.5871,1,Minor_Injury
13.6732,26.1776,16.6448,33.6733,1.2181,1.4004,19.5759,7.2269,26.9016,12.3145,171.8737,31.6176,148.2271,15.2712,0.7932,52.7073,120.6551,2.6177,1976.9658,36.7331,11.81,18.4452,44.0293,34.2346,1,Minor_Injury
12.0942,26.978,11.7181,24.2322,1.04,1.3396,35.2457,13.4871,52.2046,12.9832,133.9231,35.2682,133.6945,12.2432,0.9219,70.1529,189.7395,2.4159,2203.2566,32.4406,16.7068,32.0791,36.434,32.6097,1,Minor_Injury
15.3154,23.9733,17.2946,23.7122,1.0679,1.2063,26.4567,14.4355,56.9955,11.8695,172.527,37.9782,137.1586,15.0348,0.8163,26.0,108.4103,2.9511,1892.5235,29.3957,10.3302,26.7294,25.3191,30.8924,1,Minor_Injury
4.0,11.869,13.2141,29.7792,1.04,1.1123,23.487,10.5974,54.9363,22.8356,127.3774,39.4571,151.4957,14.8113,0.9868,55.8015,119.0065,2.4472,1654.9349,29.8602,14.0481,25.2434,27.36,35.9817,1,Minor_Injury
5.1532,18.1791,16.7412,26.529,1.2219,1.2755,21.8485,7.9456,29.0138,18.8461,160.2149,32.5395,149.6604,17.9559,0.8974,80.7241,204.5956,2.4712,1467.5138,43.0512,9.7435,24.154,48.6999,35.2761,1,Minor_Injury
12.6498,26.6193,16.094,27.2131,1.4233,1.3208,23.4367,16.1073,47.7584,12.276,133.522,24.4212,149.4544,20.4998,0.851,37.1918,106.3406,2.435,2053.0594,27.0319,11.4471,17.3542,37.4024,34.6015,1,Minor_Injury
20.9472,31.9723,18.681,29.8631,1.2325,1.2092,16.9439,12.5564,40.8456,12.1441,140.2665,28.9037,144.5311,19.9365,0.8319,36.4728,83.1397,2.3846,1901.7915,53.4014,14.5024,37.3634,34.0004,26.1812,1,Minor_Injury
4.0,21.3728,17.8573,25.3737,1.1613,1.4296,29.3784,7.999,30.2927,25.742,191.5167,34.7479,148.5442,14.6612,0.974,46.4205,125.7221,2.9585,1761.601,23.2549,12.2645,22.3281,30.1323,42.6785,1,Minor_Injury
8.7296,23.9439,17.1019,23.5881,1.205,1.2519,29.5814,11.4025,49.3364,10.3614,155.2014,48.1706,153.0471,9.0973,0.8356,55.1419,155.4171,2.7765,1189.5848,18.7511,9.6097,20.7355,47.9843,29.1736,1,Minor_Injury
18.4867,35.5291,12.8886,19.4785,1.3417,1.3179,26.2439,11.3025,40.5606,17.6499,132.5877,34.38,146.6494,21.2188,0.7572,46.2736,101.843,3.0,2801.603,45.0586,17.2221,32.2199,38.4075,44.0201,1,Minor_Injury
21.4636,31.6665,15.9107,32.9159,1.2691,1.1898,17.3064,7.2942,42.2854,9.9865,151.0066,34.5102,152.9717,14.898,0.9224,67.4729,138.9056,2.8433,1594.0304,29.26,11.5223,31.9684,32.8872,27.4428,1,Minor_Injury
20.458,35.8243,11.5651,26.6304,1.3908,1.4524,30.9061,17.5528,41.331,15.6287,158.7107,40.8566,145.1456,19.3217,0.771,82.6514,198.1319,2.1593,2876.7895,18.5578,10.5513,32.2937,44.5304,38.5952,1,Minor_Injury
13.333,22.062,13.512,21.5679,1.3346,1.4823,19.6649,13.3503,37.0554,18.9555,153.0067,19.5884,153.0221,16.1343,0.9823,68.9902,180.4197,2.5755,853.6468,39.2849,5.8183,38.9261,44.3879,22.6833,1,Minor_Injury
7.2911,18.6975,5.596,11.7357,1.4253,1.3724,31.9483,14.5914,33.3096,15.9685,130.252,27.4868,144.6937,16.574,0.8574,34.9955,141.2324,2.7601,995.3564,45.2095,15.0616,43.2907,42.0053,53.5386,1,Minor_Injury
6.0364,14.481,14.6399,24.7245,1.0425,1.2642,16.5448,12.6975,53.1547,16.298,195.951,27.1418,139.3144,12.8784,0.8946,88.8766,158.2428,2.6385,1365.0191,31.8739,8.0969,39.9122,35.6706,44.7871,1,Minor_Injury
6.6304,24.5943,13.1534,24.2601,1.3614,1.1762,29.3369,10.9831,53.0256,14.0394,136.3711,40.4979,144.3853,13.7135,0.994,50.8757,98.4274,2.3526,2488.1991,15.6262,12.5808,37.6241,37.4509,46.7888,1,Minor_Injury
10.172,18.586,9.7233,26.7933,1.2711,1.3533,24.0568,4.5,25.7847,14.5443,150.9736,35.043,144.1836,24.3924,0.8793,76.7085,188.3644,2.5172,2183.0001,42.8456,10.3861,22.0866,20.7399,31.7366,1,Minor_Injury
7.9039,16.6145,12.2709,25.6168,1.1558,1.2761,33.9384,12.1017,47.6818,15.6542,125.7941,33.0262,145.9895,20.2164,0.8941,42.7215,148.5955,2.841,1521.9532,27.1191,13.6006,28.7694,41.4733,26.621,1,Minor_Injury
4.0,15.7079,10.7264,23.9601,1.4388,1.2388,22.213,15.5225,38.2783,17.4785,145.8491,41.0704,147.8492,25.0309,0.8171,61.3389,162.5216,2.9181,1632.4778,14.8022,7.6785,47.3012,49.0475,35.7676,1,Minor_Injury
14.1554,26.677,3.5,15.4658,1.2288,1.1555,23.1843,12.3222,40.2852,18.1491,124.296,48.5004,148.4707,20.7706,0.9423,60.2932,175.0324,2.6292,1608.6212,36.6367,9.2341,23.0276,41.1615,31.0075,1,Minor_Injury
14.3003,29.8756,9.7209,22.4784,1.2289,1.2808,18.3581,11.7193,48.5227,19.6498,177.4235,42.487,149.6204,19.3054,0.7733,48.2884,173.6669,2.9776,2907.8388,22.5068,15.1407,31.6288,36.0161,27.6868,1,Minor_Injury
7.232,13.5135,9.8735,19.8265,1.3174,1.2994,24.5065,9.5801,25.2586,16.4446,150.7893,33.1935,155.6186,14.3324,0.869,81.2295,157.4393,2.5906,2831.8043,33.6281,16.874,22.4915,44.0642,44.4255,1,Minor_Injury
4.0,13.6919,11.5811,18.0891,1.0975,1.3745,29.1574,9.8965,29.8213,12.4242,151.919,30.2272,146.1956,12.6694,0.8767,70.0735,183.9847,2.9085,1726.966,33.1102,9.9616,27.9458,28.4415,24.9482,1,Minor_Injury
5.0964,14.5798,17.4737,29.968,1.2935,1.2759,20.9949,13.3573,42.7971,18.3304,164.2086,38.2651,138.7462,15.3686,0.878,77.2634,170.2947,3.0,1882.9911,36.8634,12.372,16.3598,36.1354,45.8961,1,Minor_Injury
4.0,14.2163,14.5566,23.735,1.3624,1.1755,28.2449,5.2795,50.6007,10.4191,118.7249,40.4427,148.6224,21.5274,0.8572,43.0476,116.753,2.7695,2077.7436,42.959,11.321,45.7044,30.1072,48.4862,1,Minor_Injury
11.0522,25.1402,4.8632,17.3613,1.2764,1.3631,26.6484,13.8897,46.4533,17.0815,145.8718,28.6321,145.5062,18.9136,0.7696,73.7378,132.5632,2.7322,1991.5326,41.9152,16.9898,32.7021,26.1917,31.8941,1,Minor_Injury
14.1023,27.0787,14.8809,30.2503,1.3116,1.163,28.9116,11.6713,44.3739,8.6395,162.8432,18.0,145.3445,9.825,0.8873,67.843,144.9756,2.4859,1256.8334,14.0,14.2977,16.1006,29.5124,30.3439,1,Minor_Injury
9.8324,17.7209,6.8085,20.8602,1.1849,1.3253,19.251,12.2971,26.8894,18.0235,174.7684,57.3377,147.547,21.0469,0.8957,65.0385,176.0993,2.6277,2176.9257,29.4026,16.8301,29.7097,32.5648,39.278,1,Minor_Injury
11.6755,20.4335,8.7171,14.728,1.1479,1.3545,22.1137,11.1707,35.2676,6.1975,117.0961,44.4525,143.7636,8.9478,0.9066,49.1158,167.1677,2.5839,1370.9378,20.6791,13.7886,39.5408,45.6666,25.0047,1,Minor_Injury
4.0,15.5804,13.2816,27.5604,1.2075,1.3255,20.4266,11.4077,36.2975,12.9903,182.1194,38.6886,148.5038,21.1386,0.7514,56.8959,105.5846,2.24,1167.4336,29.2475,10.6936,51.121,16.0,33.3834,1,Minor_Injury
5.91,23.0582,19.111,29.6466,1.1429,1.2808,15.0776,15.2584,40.2787,10.6229,103.0665,35.4887,152.5432,24.1579,0.7973,80.8009,170.8029,2.6055,857.4884,24.9313,14.6384,33.3824,31.9124,36.981,1,Minor_Injury
12.3115,23.3321,10.8865,22.1767,1.3561,1.364,23.9839,10.959,34.768,11.1971,135.2338,18.0393,142.5836,16.1008,0.7864,48.9678,175.0958,2.5569,2187.2077,46.8168,16.2036,36.2346,36.089,26.1729,1,Minor_Injury
9.6034,22.0117,10.6305,21.1804,1.3454,1.1069,23.4467,15.9708,36.124,20.2724,131.9749,30.7987,154.5017,13.2981,0.9357,68.2978,125.5816,2.3402,1467.886,38.6418,6.4288,21.8971,36.3868,48.2271,1,Minor_Injury
9.5089,21.482,6.9031,17.0205,1.1738,1.1185,30.0407,14.8354,38.7743,20.9573,171.9256,28.4172,140.7647,21.1809,0.9759,60.3074,185.1012,2.7954,1284.4262,39.7755,9.8558,31.0821,46.8521,29.0525,1,Minor_Injury
6.6116,20.9559,11.0458,18.3144,1.1056,1.405,23.258,11.3082,38.8854,13.83,114.9484,35.0954,145.0755,13.2049,0.9181,60.8169,155.9528,2.9191,1396.1107,25.395,10.7699,26.0003,36.8159,21.1508,1,Minor_Injury
13.1308,25.8537,14.468,23.528,1.3373,1.1876,28.8093,14.9652,53.8163,13.8289,123.243,32.107,155.6134,9.2722,0.987,51.3708,124.329,2.5116,1506.5759,34.0734,15.8086,27.0269,21.9525,53.4003,1,Minor_Injury
4.0,20.1586,7.7767,18.8995,1.0777,1.3253,24.708,18.3519,43.5683,18.0144,164.0874,27.6061,143.5631,22.5259,0.7932,54.628,129.5848,2.6426,1018.0549,36.2253,11.0244,37.6337,35.1825,21.0852,1,Minor_Injury
11.0863,26.3274,9.2779,20.8258,1.3294,1.3983,20.7507,14.4006,37.1288,14.7156,150.3743,30.2241,155.958,16.7794,0.9366,72.266,118.8262,2.8125,2317.4096,20.6153,14.0571,39.6565,42.689,24.9803,1,Minor_Injury
5.7924,13.0701,14.6853,26.5876,1.157,1.3744,18.518,9.6596,45.0271,16.0352,144.8895,25.1679,150.2966,14.5299,0.8347,44.91,157.3861,2.4276,2960.7649,14.4093,7.088,43.9177,47.817,27.2289,1,Minor_Injury
4.0,13.0343,12.5072,24.716,1.501,1.3524,24.655,14.6531,44.6753,14.9378,106.1377,39.7956,149.3143,13.8555,0.89,71.5705,169.7135,2.7987,1762.0389,37.011,15.3351,25.4763,36.4054,36.1299,1,Minor_Injury
14.7975,29.8128,6.8939,21.0361,1.2272,1.1194,22.8316,17.6054,51.3121,16.3315,125.4097,48.9072,151.9255,13.3982,0.9528,67.4529,122.2619,2.4666,2358.4028,31.1856,16.7289,16.2018,52.637,35.5162,1,Minor_Injury
9.0841,16.0265,17.0112,29.7376,1.1375,1.236,23.9062,16.6776,28.2761,14.2207,120.0976,20.3304,141.9984,14.4405,0.8998,62.8477,155.0063,2.502,2651.5911,15.7337,14.5198,30.3978,37.1637,31.4155,1,Minor_Injury
9.5793,16.5905,8.5568,24.2991,1.3276,1.4017,25.1118,10.6171,46.4837,17.5333,107.7127,32.0612,151.9143,18.0156,0.8479,58.6014,111.8424,2.6014,1200.0576,54.8392,6.6169,27.5014,38.0981,43.8748,1,Minor_Injury
5.6974,17.3709,11.1934,25.3189,1.266,1.355,17.9965,9.5072,29.3518,11.9561,91.6995,39.3567,159.3252,18.1652,0.8468,41.4392,116.1445,2.5579,2223.1005,41.6975,8.4559,38.5257,47.4511,52.123,1,Minor_Injury
17.3004,24.6159,14.5763,29.5718,1.2211,1.2074,23.1501,7.7323,27.6738,20.7041,113.9784,42.0891,135.6337,20.3334,0.8233,31.2185,116.2628,2.5512,1646.58,35.5168,12.0381,37.176,31.7671,23.6294,1,Minor_Injury
17.0236,23.409,12.2155,25.9419,1.3073,1.384,25.3428,14.4768,37.3033,17.6688,145.4182,35.0179,145.3521,15.4425,0.7943,62.9291,165.069,2.7882,1058.8891,46.2474,11.3864,37.4066,29.2034,36.2778,1,Minor_Injury
10.0656,23.4978,13.8483,22.634,1.321,1.2792,27.2964,4.5,20.0,10.7853,120.1827,47.2573,140.2414,13.6585,0.7594,34.4076,91.999,2.7301,2473.1337,44.6033,12.5821,46.8903,39.8177,45.385,1,Minor_Injury
9.389,16.0711,6.9409,24.6828,1.3652,1.5419,23.2731,20.0569,39.7305,13.9782,140.1517,48.0967,142.3191,20.8087,0.8053,47.7513,164.7474,2.4586,1527.3625,44.7616,18.0909,37.8022,31.0892,30.4045,1,Minor_Injury
11.3717,20.0429,8.4602,17.5946,1.04,1.3059,20.6243,9.9348,31.6926,15.429,103.1263,36.7725,149.7551,16.1744,0.9296,84.1898,180.2526,2.6456,2085.7811,21.475,10.5461,31.5671,42.5133,52.3503,1,Minor_Injury
13.6907,27.1897,15.3589,30.7168,1.2402,1.4698,21.7794,16.1082,36.6955,17.2241,140.9559,34.5532,144.7357,23.5518,0.8073,46.2736,162.1565,2.6125,2916.5465,43.2896,5.0,26.9127,22.4101,26.4438,1,Minor_Injury
9.7915,18.7005,7.924,16.136,1.4226,1.1576,28.5284,16.5614,20.2926,13.0386,169.7203,24.4818,154.1897,17.4196,0.9687,54.5028,153.0869,2.617,1606.7693,37.5207,13.1191,35.143,30.6098,40.6907,1,Minor_Injury
5.7474,13.663,7.7903,16.2525,1.1762,1.346,23.9348,11.4915,40.4641,11.5339,153.395,36.2048,137.9817,21.9806,0.8855,53.9703,160.6035,2.5387,1768.8834,30.5563,15.8163,38.0723,31.3623,27.846,1,Minor_Injury
17.9085,30.876,12.0023,27.2794,1.3274,1.231,25.4415,6.4582,37.9837,9.5619,122.4264,27.8736,150.9625,16.8369,0.7529,64.1199,183.3575,3.0,1886.8604,28.5826,16.5229,43.0195,35.7233,29.7413,1,Minor_Injury
5.9853,23.7364,4.5767,11.6402,1.2262,1.3883,29.5873,13.9517,31.2928,7.7717,119.8764,24.8481,141.6668,16.7811,0.9048,56.8854,102.4991,2.4415,2377.1378,22.7878,13.9655,31.8742,33.4989,42.9673,1,Minor_Injury
13.9105,31.8855,13.1981,22.3011,1.2768,1.3209,25.0362,11.8671,39.8023,14.6442,127.3775,56.0449,151.369,13.0931,0.7977,40.248,166.4758,2.7123,1478.1891,19.9211,12.3209,17.7678,38.9132,41.14,1,Minor_Injury
17.8066,26.8073,10.3228,21.3274,1.3226,1.2437,24.5015,8.8741,42.4876,12.4522,140.4492,42.0226,151.7446,17.4009,0.8802,82.9188,186.5034,2.5736,1335.7379,32.9209,10.598,43.3747,37.9688,27.9425,1,Minor_Injury
12.856,23.251,10.7537,23.9723,1.0676,1.4435,23.5404,15.7229,39.7958,15.4718,102.0956,34.7853,155.1696,17.755,0.9442,75.6408,142.2493,2.8204,1577.4492,31.5333,19.8419,37.3757,31.2112,35.5808,1,Minor_Injury
4.0,12.0615,17.4473,26.7919,1.1902,1.2364,26.8675,7.042,30.3782,16.8726,145.713,40.1323,142.2778,13.0978,0.9845,67.0536,119.0435,2.8104,2567.0126,14.5493,11.7274,20.0059,23.6082,43.7026,1,Minor_Injury
6.1726,13.1677,13.493,27.1943,1.3195,1.2826,15.8632,9.3763,20.0,15.708,157.9732,26.6228,150.5132,19.4376,0.9932,64.9499,143.4618,2.4723,1600.0368,53.0975,6.7751,29.5778,34.8731,34.6345,1,Minor_Injury
7.7343,18.8218,8.2756,18.6019,1.2415,1.4613,29.6693,13.3018,36.4147,16.5752,133.6645,48.7469,145.8649,17.1115,0.8718,40.1974,144.2445,2.5153,1337.1038,41.5308,7.3317,41.5202,32.0089,31.5029,1,Minor_Injury
4.0,10.4208,15.4443,21.8914,1.3327,1.2143,15.1375,4.7707,53.736,15.9456,132.0561,32.0887,135.52,20.2895,0.8606,56.1921,153.9158,3.0,2666.7142,36.9186,13.5715,48.5953,41.8703,38.3736,1,Minor_Injury
6.7818,23.4871,13.0554,19.4248,1.3131,1.3858,15.6671,19.1906,33.8707,14.4397,126.7522,56.5866,148.4524,13.6706,0.9345,65.8194,145.6244,2.6839,1296.0894,29.3173,5.4642,20.0844,49.5572,49.7729,1,Minor_Injury
5.0157,22.6713,15.7309,23.1452,1.3088,1.3454,27.6051,12.0981,53.0934,20.3944,125.9139,41.4869,151.3415,16.3311,0.9752,51.2481,131.0843,2.6192,1741.9184,36.4716,17.4039,54.8001,32.0503,33.0119,1,Minor_Injury
7.5514,18.4611,17.6364,26.6847,1.2729,1.3825,35.564,15.845,38.5457,11.9383,115.8428,30.2584,150.9314,18.6565,0.8509,57.0418,176.0927,2.4416,2062.7545,37.6378,18.1925,34.1244,33.1048,26.7582,1,Minor_Injury
10.5419,20.0309,8.2394,21.6166,1.3293,1.3441,15.4821,12.9409,60.2298,20.2577,136.5955,40.7336,138.5045,11.3291,0.9899,88.4378,197.2568,2.5877,2022.1126,18.6671,12.2867,40.7181,39.3247,36.639,1,Minor_Injury
8.9397,20.1251,11.8229,24.2887,1.4352,1.0853,20.051,12.3568,37.8282,19.5256,106.9589,37.0861,143.5307,18.8281,0.9772,49.4911,109.9193,2.539,1907.9999,42.9653,10.406,24.1811,40.601,34.7075,1,Minor_Injury
9.3519,16.2064,5.1579,20.7421,1.3114,1.1787,24.6794,11.898,53.0934,14.8149,130.8974,31.2492,139.6273,16.5583,0.9955,58.1538,156.4032,2.4968,2872.6548,38.5529,13.0009,23.0154,38.0225,33.8267,1,Minor_Injury
4.0,10.1339,10.0007,18.9086,1.1199,1.3779,29.0402,12.5818,32.0846,21.8581,120.9926,18.0,149.7503,12.5285,0.841,53.1838,150.0774,2.7578,1085.1276,28.6236,12.2352,45.838,31.0621,29.6495,1,Minor_Injury
4.0,16.9553,18.2197,34.7456,1.2156,1.42,23.2676,11.5255,48.1097,23.8736,142.5219,38.3984,140.4816,19.7574,0.9376,67.0726,116.1412,2.4752,2647.1133,27.0365,14.8969,26.2989,44.9722,51.0808,1,Minor_Injury
20.6579,31.8622,11.4474,19.8746,1.3348,1.1894,20.1981,14.5774,39.0245,17.8385,155.7809,38.837,144.4062,18.5428,0.805,74.2803,148.0899,2.5378,1621.5162,35.919,10.7676,22.856,22.9143,25.5021,1,Minor_Injury
11.0548,21.5236,10.4764,25.7931,1.4015,1.4267,20.8905,13.6193,43.1548,18.8664,151.4284,36.4931,141.2735,20.384,0.8574,31.981,158.1252,2.6484,1964.6532,27.026,10.8956,32.0542,24.3476,36.2514,1,Minor_Injury
14.3614,27.2608,12.5302,29.2094,1.1948,1.5478,22.9835,16.5705,35.7903,18.3384,176.7043,36.6679,133.0,17.5821,0.9065,44.2166,136.5444,2.8107,1353.7497,37.9079,13.9363,42.932,34.9135,38.6524,1,Minor_Injury
12.0578,22.4812,19.0375,25.8276,1.3559,1.5066,26.1109,11.6125,35.2159,8.1277,143.3002,35.8125,145.9141,20.3053,0.7702,65.7972,154.4577,2.3554,1575.458,35.3194,15.4642,26.8554,45.5457,20.7886,1,Minor_Injury
14.99,27.1626,9.4515,22.5166,1.2913,1.4265,15.6826,18.633,20.0,12.4249,151.7374,39.6538,148.3123,16.7493,0.9648,68.1974,136.5646,2.6304,2131.5384,49.0527,9.7349,38.2353,33.8722,45.7143,1,Minor_Injury
4.3866,19.6884,10.3285,21.5255,1.2349,1.2668,16.515,16.3032,29.9069,10.4016,135.7954,36.3056,142.6791,20.6816,0.7702,87.4192,179.7698,2.5113,1506.7741,42.0177,6.2462,58.0249,41.9546,32.3332,1,Minor_Injury
8.428,19.1166,14.7459,32.1047,1.308,1.1491,21.5424,18.2676,39.5466,16.0053,201.507,23.8053,151.7786,24.9879,0.9697,39.7323,102.9086,2.4736,1961.7315,41.5864,16.4233,46.1267,35.4942,45.7425,1,Minor_Injury
4.0,16.769,15.9583,28.3547,1.2564,1.1643,21.6936,12.0244,40.188,17.3835,132.5334,41.2167,148.1845,8.0,0.9189,72.3966,151.2163,2.6863,1788.5687,35.4883,5.0,21.705,27.4413,36.947,1,Minor_Injury
14.1641,29.7494,10.149,27.4913,1.0857,1.3666,33.0937,14.8226,40.6384,17.1366,168.4671,28.0064,146.3289,15.4629,0.8516,52.0154,165.21,2.4915,2104.3708,35.3915,14.3316,24.7947,33.6787,36.728,1,Minor_Injury
5.4512,17.8394,4.1017,13.3137,1.2067,1.3773,23.1248,11.9569,20.0,18.7897,114.3154,31.8144,140.5813,10.5682,0.9045,39.8073,161.7263,2.9236,794.1427,53.9694,13.978,33.2311,33.3065,16.599,1,Minor_Injury
15.7015,30.901,10.998,21.3441,1.1803,1.3253,24.3983,17.616,46.7713,10.319,130.124,39.6313,146.614,15.4517,0.8924,86.6388,168.9796,2.6833,1316.5738,40.2408,17.5184,19.6043,33.425,45.2799,1,Minor_Injury
5.4842,19.6307,7.7487,20.5071,1.1805,1.1844,25.1437,14.7234,36.0857,23.6004,159.2303,31.9498,137.4451,23.4374,0.8539,54.5428,179.7019,2.8116,2036.3294,24.263,8.4137,39.2978,43.0321,30.5829,1,Minor_Injury
4.0,20.12,12.3812,26.9973,1.2444,1.3297,23.9668,14.8997,41.5029,15.763,129.6694,35.6503,149.9075,18.7036,0.9489,80.9954,210.1617,2.8054,1895.8402,27.8345,15.5926,19.7042,27.8894,38.0226,1,Minor_Injury
12.9367,22.8618,10.4467,22.3034,1.3809,1.1022,25.5613,13.3339,39.3665,15.7752,133.2879,32.3755,152.8137,23.1932,0.761,44.176,125.9153,2.7704,1321.7294,51.6006,9.983,31.1252,46.6193,30.2579,1,Minor_Injury
7.0588,16.2636,13.0417,24.3234,1.2771,1.4426,25.0289,9.5338,39.3564,10.0355,145.0433,35.6548,136.3911,16.147,0.8077,54.435,135.6338,2.6658,2061.5975,27.8395,5.0,28.6587,43.3586,31.5176,1,Minor_Injury
9.2842,26.7136,15.2044,21.5029,1.3127,1.2591,18.2826,9.2026,46.0299,9.3229,173.1871,31.351,148.8572,20.6577,0.8011,62.4406,120.1816,2.6886,1822.5835,25.8897,8.7633,23.2,45.0686,38.5813,1,Minor_Injury
6.1409,23.5083,13.6281,23.7358,1.4063,1.2291,14.0665,15.3907,52.4665,17.0711,114.9205,34.0089,140.2889,20.3928,0.8582,54.8173,109.6818,2.4011,1548.5121,35.6792,12.5782,23.1201,40.7016,34.5611,1,Minor_Injury
4.0,21.3651,9.8818,23.1167,1.0837,1.3418,20.3552,6.0072,32.9946,17.5575,84.8606,40.0964,148.7003,16.3576,0.8509,42.8725,120.4331,2.5857,1566.4328,42.6087,11.5444,29.296,33.7526,44.1206,1,Minor_Injury
11.9017,19.2282,13.6863,30.7514,1.2834,1.4692,21.3494,17.6782,33.7278,20.8146,174.7144,27.6923,148.8422,17.2694,0.8374,68.6696,150.4809,2.5353,1695.7035,41.851,11.7113,47.0,30.9125,29.4727,1,Minor_Injury
8.0,24.7401,19.8772,28.4099,1.2557,1.3365,24.3654,12.8912,54.6397,23.7695,165.7117,23.9296,143.754,20.2309,0.9,22.2771,53.6634,2.6113,1004.22,52.334,7.4123,16.6838,51.4872,30.4399,2,Rash_Irritation
8.0,30.9576,12.1937,24.7021,1.2907,1.5651,16.822,21.4648,43.4257,24.8207,148.7697,35.9659,152.919,12.7822,0.7817,14.878,40.6803,2.7366,692.3686,47.3366,11.6057,21.0612,55.8052,16.9626,2,Rash_Irritation
8.0,24.2148,16.6035,30.414,1.2389,1.333,20.9056,18.594,40.5744,21.3803,135.4022,28.7713,149.89,11.9254,0.8476,19.9811,45.7781,2.7362,1025.1712,39.9455,8.1993,18.0076,63.1335,14.113,2,Rash_Irritation
20.8447,39.2925,13.1572,25.8266,1.496,1.556,20.3211,12.3041,33.4089,11.7395,155.3524,39.4369,150.0792,16.7093,0.8715,25.2426,49.2772,2.9246,665.9111,48.2033,13.7312,13.4361,41.3258,23.4062,2,Rash_Irritation
12.2218,26.915,11.1472,19.6518,1.3873,1.3813,29.0892,14.3522,30.2463,29.0038,157.6691,24.1687,153.8458,18.841,0.7839,33.8594,48.2921,2.8005,751.7109,72.3655,10.6171,10.6631,69.3279,17.8724,2,Rash_Irritation
9.5247,25.8335,21.698,34.7848,1.345,1.342,25.0276,17.7898,48.1385,16.5208,151.9097,35.4637,158.9336,23.5542,0.9694,18.983,49.652,2.7638,303.9752,48.8259,10.8821,19.7264,45.4175,20.9817,2,Rash_Irritation
11.0774,27.2885,19.7129,28.7573,1.3734,1.2403,24.0557,13.1196,45.1994,24.1199,165.157,29.2179,153.8859,14.378,0.9373,25.5997,46.7121,2.8929,621.0932,82.9237,10.5723,18.1832,55.2651,15.0634,2,Rash_Irritation
12.62,28.0106,10.3195,28.3572,1.4083,1.2653,16.8669,15.4384,42.1437,18.8634,136.18,31.1708,149.8873,15.2356,0.9819,20.3647,38.3939,2.6162,676.8071,77.739,8.4934,6.8627,54.6355,18.7326,2,Rash_Irritation
13.7299,29.3391,25.9833,45.8174,1.2416,1.5184,17.305,21.6678,40.5092,16.8759,152.8779,28.6985,147.7647,19.9511,0.9077,24.4568,57.3631,2.8564,900.7798,50.1469,13.4924,17.935,57.2609,7.5717,2,Rash_Irritation
8.0,21.2616,13.6395,32.5054,1.3733,1.1258,14.5287,18.3139,38.5761,17.5512,96.6389,29.127,150.6571,18.1139,0.7929,15.0232,41.4,2.8937,839.4612,33.4395,8.8172,9.543,55.8646,16.6729,2,Rash_Irritation
8.0,22.8381,15.4497,25.2303,1.3227,1.3603,27.2924,18.8238,46.1767,17.0824,105.3779,26.316,146.2733,14.8329,0.933,15.9234,30.5872,2.6185,694.7501,57.1629,17.1278,23.2235,40.3865,15.1343,2,Rash_Irritation
8.0,22.2948,18.5306,32.2334,1.4666,1.2792,29.4779,23.253,33.9909,26.6825,127.4711,16.8664,148.2401,17.0906,0.7812,19.8393,50.7151,2.6291,480.7424,65.4774,12.1326,5.5,53.2126,18.9591,2,Rash_Irritation
10.8759,24.3576,11.1598,24.3404,1.1222,1.4438,20.5871,15.598,36.3362,18.8796,154.6613,29.9374,143.3299,19.6215,0.9036,29.1099,55.7738,2.8625,269.2827,81.1676,15.0162,17.1998,49.059,10.3138,2,Rash_Irritation
8.0,20.4799,11.0123,23.3758,1.2206,1.2831,22.4838,10.2336,29.9903,22.9905,116.0512,35.9844,152.4643,17.927,0.876,25.0465,43.4371,2.8127,832.4735,53.471,15.9527,14.0449,50.2458,17.1061,2,Rash_Irritation
12.4772,24.8944,16.1108,24.2583,1.3722,1.3715,19.1427,21.8478,46.4268,29.5012,150.7455,22.2574,158.6504,13.1928,0.9468,20.9112,34.6993,2.7871,711.8636,39.7074,6.2131,10.4905,58.416,19.144,2,Rash_Irritation
12.0689,28.9375,17.1617,27.7619,1.2051,1.3863,17.9533,12.8842,24.4162,27.7199,115.5046,30.0214,150.9855,11.2303,0.8541,19.928,51.6338,2.7286,511.9762,60.9492,8.9537,22.8592,57.7036,21.0418,2,Rash_Irritation
8.0,30.8744,17.5155,36.4947,1.3072,1.3901,20.472,16.5786,42.7428,18.7939,156.0436,22.0472,145.9182,15.9853,0.8158,15.8799,45.3088,2.6988,480.3725,53.6459,8.6416,14.8462,47.3023,14.4371,2,Rash_Irritation
8.0,25.6882,11.4825,28.1448,1.2819,1.305,23.4607,18.7611,45.6295,21.6316,149.376,29.1502,144.6434,13.0503,0.9006,30.5162,44.7169,2.7345,924.3162,44.794,10.5981,12.1341,61.5691,9.9006,2,Rash_Irritation
16.151,30.0016,19.2913,28.9933,1.271,1.3194,20.7982,13.5755,28.7299,24.4706,176.3852,25.0099,153.4627,14.8342,0.8497,18.8275,36.1588,2.7776,741.8901,76.7514,11.1041,18.3441,48.8914,22.3546,2,Rash_Irritation
9.6597,20.6772,9.877,27.9175,1.4277,1.1,18.5759,17.0758,46.7112,29.6689,86.3342,25.7,137.1756,15.6265,0.9465,26.0921,50.0501,2.7646,851.7976,50.1241,6.9913,16.2375,38.8092,23.476,2,Rash_Irritation
9.0293,32.7946,11.8014,29.5029,1.2152,1.2332,27.8822,11.5082,50.2412,25.5576,159.551,29.2844,144.3265,14.813,0.9042,34.0432,66.5156,2.8689,220.466,45.418,10.205,6.103,41.6805,15.6577,2,Rash_Irritation
9.676,20.0114,9.4395,26.6101,1.4733,1.5067,20.9966,15.6789,52.2664,31.9036,142.5752,43.1167,145.0047,12.2225,0.8102,27.0507,43.154,2.876,745.6569,53.9487,14.0896,20.5455,38.5575,14.0151,2,Rash_Irritation
9.1808,23.3399,18.2285,31.3471,1.2676,1.3376,17.2099,21.6307,42.5362,16.5501,135.2014,32.9755,146.3437,20.4336,0.8798,22.6038,41.8098,2.7587,652.2396,60.5496,18.7968,11.698,42.9531,12.2679,2,Rash_Irritation
18.5632,29.9994,21.7579,39.9847,1.3217,1.3545,17.0678,19.8257,62.4071,18.9062,158.4803,25.3529,147.8188,7.0,0.8104,25.7234,44.2016,2.9519,418.6754,37.428,16.1926,8.6585,38.5055,18.3465,2,Rash_Irritation
18.4942,33.5663,22.6468,35.0274,1.2522,1.3489,20.2253,28.5734,40.2078,17.971,159.9869,35.3108,146.2847,14.9121,0.9371,29.8102,53.036,2.933,1214.9693,37.0174,6.0857,18.5807,60.2402,15.8762,2,Rash_Irritation
23.0208,34.8471,12.5846,29.7368,1.29,1.4649,15.8649,14.4404,44.6647,34.2087,148.7362,42.2609,164.0288,15.1108,0.8023,20.6868,34.3007,2.7234,682.2673,37.0093,11.256,21.736,45.4169,15.7964,2,Rash_Irritation
12.8866,36.4472,8.8681,26.1298,1.2375,1.4391,21.1916,16.5098,43.2499,21.4277,162.875,33.5488,160.241,16.1705,0.9111,26.3598,50.0969,2.529,1077.4435,49.381,12.099,13.7822,46.951,16.4326,2,Rash_Irritation
13.8722,28.4882,17.2479,29.9369,1.3388,1.5478,16.8682,24.6525,45.5552,20.9612,149.549,20.0006,157.4202,12.3976,0.9481,17.4916,29.7431,2.7222,210.4243,35.4314,11.442,16.3198,53.6355,15.491,2,Rash_Irritation
13.7539,32.007,14.8324,26.9665,1.3522,1.372,22.2017,9.4836,49.9719,29.1752,126.7251,37.7426,158.3545,10.9272,0.8274,13.7317,25.9144,2.7103,683.064,62.0523,7.2745,16.7361,54.7934,20.2674,2,Rash_Irritation
15.5371,37.8906,15.6079,35.0867,1.1874,1.2981,22.0109,11.3121,38.8372,23.1322,140.4513,36.5178,159.2525,10.5194,0.8827,18.2751,47.6539,2.7938,939.9917,61.4823,8.8947,9.7566,39.0477,17.9397,2,Rash_Irritation
14.915,29.6376,14.598,30.1953,1.2844,1.2643,23.41,16.1666,30.9304,16.1192,99.136,20.5051,154.1221,14.4959,0.9452,20.4218,44.0223,2.7138,623.0473,64.5628,11.59,27.4321,32.0,13.4117,2,Rash_Irritation
16.6024,35.8908,16.2464,34.7016,1.2197,1.49,16.4512,18.9546,29.0719,22.1217,161.3598,39.897,140.8277,13.0965,0.9997,20.6363,54.0212,2.7928,746.8793,43.0922,9.6094,20.6027,49.6137,18.8768,2,Rash_Irritation
16.918,35.2285,21.1569,32.365,1.0952,1.3959,21.888,20.2558,33.8877,18.0573,179.2811,25.6861,155.9108,16.3367,0.831,24.2437,51.5329,2.7502,889.8649,50.9877,9.6663,19.0961,46.834,14.2981,2,Rash_Irritation
14.5658,38.4273,12.5609,29.8944,1.1579,1.2259,19.7233,15.9076,62.4897,26.8004,169.4955,36.5958,144.5077,10.6105,0.9299,15.29,35.5254,2.6768,587.941,52.7788,12.3589,16.1293,43.7886,20.4283,2,Rash_Irritation
16.2189,29.1181,18.0622,30.0931,1.4412,1.3745,23.9848,19.4807,32.1776,29.246,149.43,34.3433,160.4798,15.8255,0.8752,21.8167,43.1735,2.7475,548.9985,43.8318,12.8771,19.4727,48.2858,16.7733,2,Rash_Irritation
8.0,20.6864,17.5146,33.3539,1.2546,1.293,23.2799,12.4634,54.2675,26.037,141.7365,27.5933,150.1133,12.3868,0.9881,15.6984,29.918,2.6514,1119.3458,54.7793,14.4909,16.6647,41.62,16.7925,2,Rash_Irritation
25.3855,44.309,16.9969,35.5728,1.4244,1.4007,26.0254,12.3906,40.9195,25.475,171.9795,34.8429,151.7843,12.8919,0.8086,14.1069,26.8748,2.8756,160.0,67.2388,12.0249,16.1939,46.1338,19.9313,2,Rash_Irritation
16.5234,38.8639,16.0569,31.7213,1.1311,1.1,19.1628,25.6069,61.1996,31.0715,153.6404,17.4163,136.0,13.0438,0.9605,36.0,67.7014,2.6258,468.6404,43.0295,12.3132,18.1367,52.9391,11.827,2,Rash_Irritation
9.3577,22.7222,11.037,23.3422,1.2862,1.4539,21.6433,25.239,58.9787,22.6925,154.5388,23.147,148.6548,20.5891,0.9442,35.2432,64.0512,2.6419,395.0993,51.7882,13.5615,10.5641,48.5744,20.7607,2,Rash_Irritation
11.7934,32.0972,12.0313,20.1255,1.4277,1.3668,25.3108,10.7561,53.7479,28.1561,126.0331,24.4154,154.2225,18.0776,0.8507,22.8727,36.0092,2.6479,1011.2664,45.5909,14.7026,11.4825,43.6428,21.093,2,Rash_Irritation
11.3996,34.2991,8.8829,24.5583,1.3276,1.2087,31.4336,10.7473,43.9981,30.551,152.3331,34.4354,144.1544,16.8882,0.9639,13.223,41.8225,2.74,517.7596,61.8398,11.0416,15.7618,48.4663,24.0653,2,Rash_Irritation
15.996,27.7052,24.4355,33.7879,1.2836,1.3097,20.7039,18.0597,35.5454,21.6611,166.5162,30.363,153.974,17.235,0.9053,15.3262,34.5246,2.6664,412.8425,61.8528,10.7878,7.4311,53.5853,9.802,2,Rash_Irritation
8.0,20.6119,27.4108,46.1473,1.232,1.3102,18.4619,19.9543,40.3855,20.5661,119.3957,27.5186,152.0289,13.6991,0.9641,28.448,45.1416,2.7128,468.7321,49.9967,7.5558,23.345,60.3159,19.9773,2,Rash_Irritation
9.5602,29.608,9.282,24.6177,1.2217,1.1805,9.7092,13.0866,41.9771,29.7952,162.4627,30.9831,148.3992,13.1673,0.8994,25.3095,45.2126,2.7901,476.8638,48.6254,13.3013,14.5165,49.4235,23.5674,2,Rash_Irritation
12.2182,22.9578,13.9966,31.8016,1.2114,1.4321,20.9269,8.3877,28.7047,24.9711,107.7554,33.8673,151.811,14.8189,0.9915,25.2017,40.4323,2.4233,403.7293,58.2092,13.5687,15.7468,54.5645,13.4999,2,Rash_Irritation
10.1499,25.3762,13.3601,26.3704,1.382,1.1586,21.1066,20.888,37.4655,16.4616,170.5248,36.2666,143.3995,14.8994,0.8789,20.2632,51.7127,2.7397,708.8932,44.4626,10.0376,8.663,50.5781,22.2785,2,Rash_Irritation
13.2807,26.3255,25.6604,37.6713,1.2728,1.4205,24.6622,8.0,37.0534,27.3409,164.0338,20.9674,159.0757,19.3596,0.974,20.8275,53.9111,2.7259,1219.9365,41.7659,13.2774,23.9368,54.8977,13.2281,2,Rash_Irritation
8.0,31.3512,10.6257,28.0291,1.2957,1.6364,17.819,16.3038,52.6956,20.9018,125.3079,32.6766,152.7714,19.6218,0.9064,25.0121,56.5944,2.8218,827.1739,56.7448,11.4981,20.3848,61.3709,9.4622,2,Rash_Irritation
16.7989,39.9516,9.1853,22.328,1.1775,1.1,33.3712,19.0083,41.0058,28.6505,168.8296,37.6582,159.1013,10.4019,0.9379,21.254,36.9914,2.7604,440.3508,42.6839,8.885,19.0069,52.1329,7.3211,2,Rash_Irritation
17.8051,36.4269,14.6681,26.176,1.4554,1.2495,19.6072,19.8205,57.5969,18.1409,130.851,33.1042,156.1939,15.5245,0.9593,17.9242,30.6978,2.7682,837.2894,45.6261,11.6571,8.9173,55.1442,15.6888,2,Rash_Irritation
8.0,19.5439,15.6565,28.2586,1.2875,1.391,20.308,21.6921,45.3758,13.9388,150.2479,33.9854,157.5119,17.102,0.8988,23.8032,48.6099,2.7425,840.4999,68.1397,9.7521,12.6582,43.6172,11.6503,2,Rash_Irritation
13.4115,30.9342,14.2792,27.6089,1.3895,1.4024,31.5375,13.1019,59.9886,15.6913,162.2748,20.7201,151.0955,17.0447,0.9841,17.0588,41.9674,2.7611,552.6285,66.9473,9.408,19.1193,59.1703,8.6564,2,Rash_Irritation
9.734,31.8073,23.0584,33.2311,1.339,1.3486,27.7555,19.5493,51.8977,23.4604,148.242,29.4822,150.5954,10.3629,0.9344,26.4927,53.782,2.742,372.5635,50.543,8.1397,12.9403,48.8355,14.9688,2,Rash_Irritation
15.0621,35.0382,12.4696,28.0891,1.3559,1.3098,22.7056,10.6376,41.796,16.2676,162.8865,45.7229,154.2488,7.5354,0.9909,23.7168,36.6715,2.6142,722.7129,46.134,12.2849,9.4087,42.9132,20.229,2,Rash_Irritation
20.6123,44.543,10.9463,30.2001,1.1824,1.1338,22.4291,17.6971,56.6192,25.2703,124.6847,34.6771,142.9171,12.6266,0.7937,22.2496,54.3769,2.7324,730.7995,40.7195,14.9069,25.2569,47.7911,13.7416,2,Rash_Irritation
22.9843,40.4339,18.1058,31.3167,1.3899,1.2897,25.5863,13.6327,38.7677,29.242,160.5654,16.8467,150.5885,15.1856,0.8909,18.0643,50.6379,2.8197,590.3886,70.1083,11.8865,11.6249,58.6625,17.9683,2,Rash_Irritation
20.7259,42.2751,17.6548,31.7097,1.294,1.4393,20.9485,18.4158,46.8397,25.7606,114.8656,26.0172,138.4714,13.9514,0.9263,19.1699,40.5618,2.8733,662.9706,68.471,9.9675,8.4978,45.5787,18.6308,2,Rash_Irritation
16.9116,30.2286,16.3879,32.7115,1.2326,1.3084,24.2782,13.9305,51.2409,27.5253,137.7226,25.8093,147.5424,26.0295,0.9403,12.1928,30.6493,2.6652,521.4828,30.5832,10.6427,11.8105,43.8549,22.7924,2,Rash_Irritation
10.677,25.2525,16.3706,26.44,1.4424,1.4448,24.0927,8.7791,36.5517,30.5645,148.7166,32.4814,152.1086,13.048,0.8318,25.8848,57.2242,2.7586,282.5818,46.0738,12.1149,7.9365,50.9528,12.0272,2,Rash_Irritation
12.0972,29.3324,14.3273,24.8886,1.4072,1.359,29.7066,23.503,49.9996,21.4108,166.45,33.9647,148.4541,7.9699,0.821,20.3038,34.5765,3.0,675.2675,36.937,12.0296,19.3476,41.5374,23.3624,2,Rash_Irritation
13.7211,27.865,12.5628,24.4771,1.2814,1.1,20.786,22.26,48.6875,23.3784,131.0923,18.6904,157.7717,13.7042,0.7898,29.3432,53.7829,2.6094,1080.2173,28.0,10.5127,8.9397,57.0382,17.0199,2,Rash_Irritation
13.6438,27.2476,18.7063,31.2836,1.1272,1.1353,27.0479,10.6844,45.4663,19.5374,155.447,37.8634,148.1502,17.9464,0.7839,19.2287,43.7063,3.0,1035.1743,64.8615,9.9655,22.3319,36.1392,14.3912,2,Rash_Irritation
8.0,30.4459,12.2681,20.9275,1.2914,1.1596,18.9153,17.3843,32.1076,28.8553,114.5492,27.5819,159.2715,10.2021,0.9742,25.3584,40.0326,2.7056,490.2397,54.954,13.2966,12.8979,55.7325,18.9637,2,Rash_Irritation
8.0,19.5107,10.1634,29.3843,1.2901,1.1,24.3108,17.0086,53.2118,17.3045,136.4336,36.2943,159.9904,12.7794,0.9808,19.9577,51.5004,2.8385,1033.1597,30.489,10.1524,17.0157,53.4292,23.7638,2,Rash_Irritation
8.0,28.5402,10.5074,26.4007,1.3708,1.688,19.698,20.1846,32.3678,19.9151,102.453,32.6933,148.6893,7.2817,0.7859,23.1069,44.5443,2.6779,806.7118,66.3828,11.9017,14.183,50.1168,18.2272,2,Rash_Irritation
9.9906,23.7081,16.5572,29.9024,1.1764,1.5436,29.17,13.5101,49.0548,14.5178,168.5863,30.594,157.1727,8.6396,0.8889,13.8512,46.2637,3.0,473.0759,43.5779,6.7731,12.7037,58.2702,17.8891,2,Rash_Irritation
8.0,22.2386,8.7635,22.2915,1.1941,1.1484,24.4386,19.4695,40.2942,10.5502,127.2571,31.1361,156.2697,22.5136,0.9016,25.3628,55.2112,2.4999,863.9415,48.032,7.5291,13.1985,47.728,17.9589,2,Rash_Irritation
17.9385,33.6037,25.0221,38.1706,1.243,1.1274,22.2311,20.8702,56.4473,22.1077,145.1369,16.1405,151.1702,15.7851,0.8138,19.8069,48.6746,2.7045,586.8863,28.0,4.5,10.0118,38.2226,18.6836,2,Rash_Irritation
14.4781,31.3607,9.1538,17.375,1.231,1.1965,16.62,20.7757,56.8133,10.0,159.4476,33.7578,150.7881,11.0453,0.9443,19.2271,31.6184,2.637,695.0183,48.9222,14.113,12.8513,42.459,28.1482,2,Rash_Irritation
10.5361,22.5462,14.9524,30.8847,1.3728,1.4007,20.4008,24.7041,57.0077,26.1309,88.6289,39.2631,156.1659,23.5256,0.9217,25.448,51.5897,2.8424,1218.4722,58.9235,6.4689,13.6164,52.9246,17.3744,2,Rash_Irritation
16.2048,35.8337,9.0798,22.7346,1.253,1.4847,24.8325,16.1154,41.6046,21.9178,116.4796,35.1553,150.2305,19.4277,0.8494,20.3654,49.733,2.8967,774.923,38.9645,11.3495,21.5444,53.2162,11.5949,2,Rash_Irritation
13.5252,36.7693,13.9741,30.5169,1.2695,1.5788,17.0463,17.2111,28.8373,23.0464,143.6951,27.191,148.5816,16.6236,0.8217,22.1519,51.4672,2.5784,554.1268,52.6137,16.7651,13.9418,44.8304,13.575,2,Rash_Irritation
8.0,20.9677,17.7991,29.8818,1.2969,1.3264,25.4256,21.4786,39.7783,22.9191,115.7238,33.1187,152.5172,13.0047,0.9238,24.2307,58.0726,2.6743,1002.1697,68.1675,8.4824,11.2297,44.8214,14.0172,2,Rash_Irritation
13.6523,23.8435,9.4836,23.2638,1.2645,1.546,22.8885,13.924,36.5981,24.2732,174.9739,30.8325,155.4766,17.939,0.9735,23.8702,48.3831,2.8279,873.4769,69.2804,7.2161,11.0145,43.6191,13.356,2,Rash_Irritation
8.0,21.5397,19.2452,34.7915,1.323,1.3869,26.1873,18.2505,55.8415,20.3034,135.0581,22.6639,144.9294,11.4021,0.8071,19.0127,43.9715,2.686,477.52,30.2207,18.4417,14.2544,49.5023,16.6127,2,Rash_Irritation
8.0,24.8664,17.9756,26.865,1.2661,1.2662,16.8817,16.2144,57.628,13.5108,191.3463,27.3118,151.2299,11.1532,0.8414,20.3216,35.2039,2.6081,594.1759,80.9855,7.7689,15.4621,51.8588,11.6484,2,Rash_Irritation
8.0,23.7157,20.2799,31.996,1.1545,1.1864,23.7137,20.152,52.5859,24.328,137.2228,19.8232,160.6432,14.661,0.848,24.7583,45.6056,2.7879,707.2604,31.8214,15.6914,9.7286,49.8468,20.2009,2,Rash_Irritation
12.6335,32.0127,14.734,22.8953,1.3399,1.1963,25.0512,19.6363,46.398,19.9988,185.6149,32.2058,144.7058,16.4932,0.9919,17.8838,47.7836,2.6845,983.2108,61.1575,4.5,16.3485,46.9548,19.6859,2,Rash_Irritation
9.345,29.7969,19.9986,37.6547,1.3016,1.3624,15.6647,16.5726,44.6435,14.8158,96.9649,36.3374,151.3305,16.3399,0.8204,28.6965,50.142,2.8406,572.9496,52.411,9.3576,11.6662,58.2911,5.0,2,Rash_Irritation
9.2972,28.3496,12.1366,24.3452,1.331,1.1127,25.8157,21.6512,44.1194,29.7896,136.3344,19.7906,153.3736,16.4796,0.9537,26.4465,45.7543,2.5979,471.6884,42.7032,11.1358,16.9484,51.2294,13.2867,2,Rash_Irritation
21.0732,38.0444,14.8387,27.6247,1.2507,1.3544,23.2659,14.4224,56.2418,20.6361,153.5067,33.8394,151.1205,25.7634,0.996,29.6462,47.4866,2.6606,780.2668,51.4239,8.7082,9.1076,53.1404,10.0656,2,Rash_Irritation
17.7882,40.2227,14.0282,24.9659,1.4322,1.3972,18.5123,10.2153,32.9639,21.4027,144.3934,30.2673,147.406,11.2674,0.7971,25.4727,50.4239,2.6249,840.3872,50.1951,15.7347,14.8512,51.6563,16.7859,2,Rash_Irritation
19.2677,41.5918,14.7474,34.3171,1.3849,1.2541,23.1377,10.999,38.4611,15.1808,164.9151,40.3022,148.6944,12.4078,0.9039,25.0956,58.483,2.6848,543.4055,48.5923,16.7147,13.6662,54.3999,17.2648,2,Rash_Irritation
23.3318,41.2097,19.8671,39.5624,1.3423,1.384,27.304,21.548,33.8357,15.0272,143.475,35.3449,140.754,17.079,0.9597,18.5571,42.4819,2.7983,450.5677,40.0431,9.7786,14.1769,41.2592,24.3533,2,Rash_Irritation
16.6355,28.231,20.4774,36.3601,1.1025,1.1,31.2615,16.1642,33.058,14.7126,143.8572,26.4335,138.5246,18.9582,0.9351,13.176,36.4251,3.0,1068.4132,72.3011,9.1436,13.0534,53.0879,11.9289,2,Rash_Irritation
11.3003,33.6284,17.7961,33.0781,1.2302,1.365,9.0,15.4766,49.8751,18.8528,122.6755,22.2306,157.5219,17.6939,0.9851,18.2649,43.1649,2.8419,658.283,52.2185,10.6022,12.2279,47.4042,21.2482,2,Rash_Irritation
8.0,18.856,23.8558,37.7278,1.3561,1.4694,15.8958,28.7419,45.487,23.2129,158.9447,32.2184,146.9604,23.9501,0.9702,25.2458,45.7993,2.704,576.517,47.1944,17.586,14.5123,49.7442,18.4181,2,Rash_Irritation
11.9734,21.9976,15.5424,24.7144,1.3033,1.2575,22.9631,16.852,42.1515,21.998,122.7294,29.2572,152.0624,16.0154,0.9673,30.4986,44.6453,2.7026,1037.2974,54.9284,12.1863,14.5663,59.2803,15.7114,2,Rash_Irritation
14.079,29.9919,7.0,17.062,1.1451,1.2666,19.1972,15.1132,55.9345,20.7086,167.6934,30.0656,160.2024,19.5839,0.9269,34.1972,47.7308,2.6901,798.027,62.5929,14.0478,11.5945,55.3425,19.9057,2,Rash_Irritation
20.0773,31.2549,11.0883,21.2642,1.5049,1.2929,20.4589,15.9396,37.1959,16.9881,155.5259,20.1223,145.8954,23.2959,0.9507,20.2784,33.3529,2.7961,1006.0743,80.7608,5.8314,9.4655,43.9721,14.6514,2,Rash_Irritation
11.288,34.7501,10.7393,25.681,1.08,1.2736,20.3917,16.2136,31.4342,19.2767,147.7775,26.8265,139.8224,14.1898,0.8574,18.8472,52.4789,2.646,906.2828,51.1297,13.4804,20.0624,52.0532,16.896,2,Rash_Irritation
14.3132,34.9603,18.6082,32.8863,1.3206,1.4679,22.6678,20.5405,35.829,18.4788,147.4873,31.2236,154.2995,19.9016,0.8605,24.7595,48.3467,3.0,679.634,49.0412,9.9635,15.1356,50.8399,14.7165,2,Rash_Irritation
11.9017,25.0484,21.1504,36.5071,1.4228,1.4466,23.7151,17.8976,60.9433,23.4448,127.1616,23.726,155.9239,19.4449,0.7888,18.2769,52.1857,2.7617,1045.8147,44.0199,17.8022,11.6946,40.4128,11.2482,2,Rash_Irritation
8.5151,31.0319,7.9338,21.8933,1.3343,1.3479,24.3942,17.3775,30.1325,13.1851,144.9366,27.9558,156.5314,18.5292,0.9932,20.6071,33.4896,2.8439,857.3346,52.2162,7.0819,16.8543,53.9388,5.0573,2,Rash_Irritation
8.0,23.7666,15.6587,24.5393,1.2162,1.3259,19.7316,19.8578,50.3656,18.9116,115.7624,33.6255,152.2009,14.0331,0.866,19.1302,38.7422,2.9336,1120.7784,51.711,9.8506,15.1197,57.583,16.5855,2,Rash_Irritation
14.3764,29.8948,13.9609,24.0022,1.08,1.2574,21.5906,20.0365,40.5819,22.9122,113.9042,28.6306,140.0832,10.6668,0.9618,30.2991,63.913,2.4283,694.9221,46.366,9.7593,16.9232,39.6098,19.9653,2,Rash_Irritation
8.0,21.9884,17.2111,30.2107,1.3106,1.1,28.6454,26.4388,31.1882,26.7885,138.982,25.7497,148.0531,18.1179,0.8696,36.0,62.5088,2.7331,686.4772,46.3013,10.8953,20.7113,51.9621,18.8769,2,Rash_Irritation
21.4971,36.2865,15.9839,28.0073,1.2717,1.3871,20.1269,15.3392,37.6648,20.8713,101.3448,21.8414,146.9242,20.33,0.9962,27.5709,41.5442,2.6023,758.9011,73.5219,15.5402,14.7412,46.4339,13.6808,2,Rash_Irritation
20.3423,39.1772,17.7964,31.964,1.1815,1.5553,24.3607,21.5925,46.0711,31.3305,159.5984,32.2319,159.4856,13.2646,0.8884,22.5658,42.691,2.8442,676.3868,69.3769,4.8473,15.902,56.6928,10.6103,2,Rash_Irritation
21.4355,39.8724,11.2245,21.439,1.2007,1.1201,26.8567,23.778,57.0144,22.0285,178.5186,37.9041,146.8308,19.9427,0.9739,30.7782,54.7963,2.7996,758.1162,35.9663,16.1462,10.7361,59.3979,16.5488,2,Rash_Irritation
8.0,25.4988,20.4073,30.0526,1.1426,1.3576,32.1124,20.7457,42.7063,10.0,129.7863,32.0852,147.6794,21.2086,0.972,18.3418,46.1095,2.7526,753.2742,52.2742,9.9918,10.4453,58.2246,14.8599,2,Rash_Irritation
12.5809,24.4257,11.2575,23.8531,1.3321,1.1774,33.6651,23.3317,43.1132,25.7707,124.764,45.4019,147.1636,15.018,0.9011,25.249,40.2035,2.521,558.4886,41.4505,8.926,16.016,40.3888,13.2559,2,Rash_Irritation
13.5264,36.5804,15.6634,35.2953,1.3205,1.6144,26.0212,16.1791,54.5008,23.1522,112.7445,27.8253,141.4303,7.0,0.9012,19.0632,42.6528,2.6748,160.0,75.8553,11.8049,22.0007,61.2394,20.6735,2,Rash_Irritation
18.5683,41.5355,14.367,26.6048,1.3104,1.3356,29.5476,8.0,47.589,24.9476,188.9393,28.5783,152.3515,19.4438,0.8778,29.3347,53.1739,2.8515,160.0,46.6848,16.1907,19.9164,53.9183,14.757,2,Rash_Irritation
8.0,29.5928,17.6786,33.7424,1.3061,1.1,24.5172,10.9414,26.1905,10.0651,115.8962,30.8134,146.2473,9.4236,0.809,31.255,57.1191,2.7594,643.4234,74.5932,15.9019,15.3807,63.0009,13.8917,2,Rash_Irritation
11.5424,24.6808,10.9388,23.2481,1.3172,1.1362,25.0187,20.3264,28.0492,29.524,159.2722,33.873,146.0687,17.9895,0.883,24.289,51.3249,2.8865,996.6043,59.9556,13.3737,7.479,52.7829,13.3251,2,Rash_Irritation
8.0,23.8787,14.484,24.8148,1.08,1.1554,26.264,20.8363,40.4004,21.3562,144.4779,31.9921,153.2966,10.1529,0.8827,28.63,50.2519,2.7269,760.9335,49.2141,8.63,14.6817,50.4911,13.2216,2,Rash_Irritation
15.8129,26.8896,14.9777,25.4388,1.366,1.4253,24.0946,8.0,45.6982,11.894,178.9264,38.5842,144.9794,14.4529,0.9518,28.449,51.7346,2.6566,807.5761,45.2731,11.7183,18.681,36.9674,17.4267,2,Rash_Irritation
8.0,25.0354,14.6586,29.3939,1.2091,1.3106,19.9406,22.2178,42.188,29.8489,117.178,27.3647,145.1709,13.9665,0.9996,19.2701,41.2162,2.6766,862.4151,32.4366,12.7991,12.7478,57.0465,8.383,2,Rash_Irritation
8.0,25.0449,22.2734,39.4982,1.4155,1.2628,12.6688,14.0787,58.5637,12.7991,140.4904,29.2219,147.6657,13.7259,0.7893,34.1731,50.6883,3.0,979.0753,67.7392,8.9088,9.3695,47.8686,24.839,2,Rash_Irritation
8.0,23.5808,17.5315,34.6311,1.1538,1.4093,22.6672,16.0271,42.9801,11.8134,148.5895,39.3519,146.3546,12.1863,0.9044,15.8203,29.3065,2.7523,985.9697,54.7286,11.6267,20.3948,43.1797,20.0587,2,Rash_Irritation
12.8684,24.2675,15.0102,33.5845,1.3836,1.1566,10.5838,16.5396,47.2168,21.8375,165.1441,31.8429,147.335,7.0,0.9711,30.2581,42.7023,2.4607,809.5537,42.2936,13.4944,22.367,48.7039,11.3547,2,Rash_Irritation
16.3447,38.809,15.7035,29.3647,1.2019,1.3987,16.2769,20.8349,40.1077,20.7746,150.2566,27.4683,144.4693,16.817,0.9879,23.1337,55.633,2.7596,544.936,56.4052,9.5843,13.9973,62.1208,11.9092,2,Rash_Irritation
9.8182,31.1231,14.3877,24.0106,1.0819,1.4852,25.1629,11.9071,24.0,15.6261,144.1467,45.7719,154.5312,8.2696,0.9273,19.4189,32.6879,2.6953,765.9577,38.2509,11.068,11.7706,41.7218,18.298,2,Rash_Irritation
15.5527,38.0741,19.8991,28.5853,1.4229,1.6132,22.079,15.0594,31.9676,23.3919,157.1983,20.2351,158.4403,15.0946,0.8553,23.1002,35.7049,2.7813,454.7569,43.5064,13.3237,18.8872,62.7436,13.5089,2,Rash_Irritation
12.4221,35.7834,17.5681,28.0997,1.492,1.3461,24.8863,10.9709,35.5754,14.3955,148.9813,14.0,148.385,7.0,0.8457,26.1789,55.4735,2.5924,483.3832,70.3905,11.5571,15.1691,40.98,12.0499,2,Rash_Irritation
13.6916,30.8856,12.7302,20.857,1.1828,1.5924,14.5334,17.7551,46.4322,21.2267,145.1803,26.5494,145.7793,12.2163,0.8633,20.4586,46.4704,2.5807,160.0,53.924,11.3299,8.7452,59.7819,14.8204,2,Rash_Irritation
10.0857,32.0949,19.5017,28.1995,1.5501,1.5797,19.3874,10.97,39.3446,15.7916,149.527,21.3222,150.5267,18.8521,0.8028,10.0,34.7085,2.6607,614.7733,55.4376,11.5509,15.8122,54.5783,16.823,2,Rash_Irritation
22.7466,36.5481,12.5997,20.9979,1.1149,1.3511,25.5004,23.2528,47.4796,18.0886,193.7255,36.5593,152.7486,20.3431,0.8825,16.7295,32.7466,2.8639,349.091,63.9814,6.3483,20.6926,44.9586,23.7935,2,Rash_Irritation
15.4052,38.5112,15.0437,33.22,1.2592,1.4534,30.3563,18.6317,48.8957,22.8089,169.3506,25.991,157.99,19.942,0.8517,24.5376,41.3457,2.7679,343.5811,77.5314,11.4607,16.2777,45.6725,10.3656,2,Rash_Irritation
8.0,18.1738,17.7534,27.8088,1.3535,1.2297,28.9363,19.4013,40.8249,22.9113,181.227,33.8979,146.4585,15.4252,0.9862,31.8766,55.4304,2.8371,641.0615,28.0,12.1865,13.0149,38.7198,13.4824,2,Rash_Irritation
25.2401,38.4277,7.0,22.4664,1.2692,1.2964,25.3087,18.5268,55.1061,17.6896,180.1823,30.0545,140.3706,11.8255,0.9752,24.1122,44.9484,2.7487,820.568,40.2387,11.051,24.0801,50.8342,15.3634,2,Rash_Irritation
11.6142,26.1249,14.7535,22.9143,1.1385,1.4369,20.8912,10.0845,38.0891,25.6876,93.6767,22.3081,151.8914,21.1229,0.9306,18.8648,49.4502,2.7943,919.2597,43.8585,8.3724,9.8021,58.1666,12.8271,2,Rash_Irritation
17.1753,29.296,19.1661,31.9732,1.08,1.3032,27.8904,12.4413,49.3019,15.7742,151.1215,33.6006,146.7133,16.1819,0.9702,24.7459,58.2864,2.5706,1105.171,64.9411,9.2909,14.6136,49.4308,17.4016,2,Rash_Irritation
10.8942,25.254,7.0,20.2575,1.3709,1.1,14.989,17.5179,52.9844,20.6181,123.8471,30.1867,147.9593,20.0308,0.8446,24.2892,56.0509,2.8788,1055.3705,65.9519,13.2504,20.9758,50.1155,13.1345,2,Rash_Irritation
10.5232,29.1201,17.6668,34.3386,1.3616,1.4223,28.4917,12.6063,30.5267,20.9652,122.7768,36.9992,158.9346,13.7666,0.8697,17.3949,50.0441,2.9206,945.2303,62.0203,9.5577,21.008,39.8131,16.5392,2,Rash_Irritation
15.3347,26.5458,23.3999,32.0832,1.1995,1.1,22.5973,22.8514,45.5844,19.0385,162.309,40.9529,145.3117,15.6235,0.9243,27.783,46.0386,2.7181,823.1808,84.2787,6.5823,22.9106,48.4664,16.5471,2,Rash_Irritation
8.0,18.3128,18.7086,36.4132,1.08,1.3275,27.5602,15.0182,29.4377,21.8042,128.4056,33.0921,145.2454,12.4095,0.8933,18.7988,40.7686,2.6949,750.3877,69.8654,10.8102,16.2068,52.0498,10.9784,2,Rash_Irritation
8.0,25.7128,13.4677,22.7966,1.168,1.2462,17.4942,16.4211,43.6428,19.8271,179.6581,34.2722,145.9103,16.8024,0.844,20.1392,39.648,2.8273,722.8029,61.8674,9.4575,18.6745,54.7947,13.7356,2,Rash_Irritation
19.5614,33.3414,17.4847,29.7179,1.2274,1.4454,31.1332,19.3785,53.5185,19.6508,152.9554,34.3518,138.1326,13.8462,0.9139,21.8244,44.0483,2.6372,604.897,55.0336,8.6714,15.6439,53.7979,20.3534,2,Rash_Irritation
9.3271,32.4759,11.7371,29.4481,1.217,1.411,25.7827,14.2351,50.2068,16.0026,136.7645,19.5781,141.3845,11.8223,0.8041,11.6387,38.9262,2.7263,747.8261,73.8233,11.796,13.3624,51.1026,14.1913,2,Rash_Irritation
16.4693,39.2767,7.9091,19.757,1.3514,1.4338,23.4742,16.6192,47.8418,15.7593,123.6065,29.4013,152.1258,8.1975,0.9675,29.4998,52.4126,2.927,522.4369,51.1253,10.2358,14.6572,47.5346,9.9659,2,Rash_Irritation
9.453,32.6573,15.9249,25.1175,1.1939,1.5206,18.8956,24.2739,42.7299,17.4146,134.5087,38.8397,155.5229,12.4623,0.9525,21.9311,45.0686,2.832,353.7829,31.8711,9.0206,20.4586,35.6436,9.861,2,Rash_Irritation
19.6435,38.6171,14.8075,23.5348,1.4112,1.3162,17.2257,10.5666,32.0083,25.7542,134.0875,25.0511,146.3462,15.8402,0.81,26.0316,51.579,2.615,281.3944,60.4225,9.014,13.8829,52.3196,15.9364,2,Rash_Irritation
8.0,31.9547,15.9078,25.0952,1.1466,1.4561,30.0898,12.1108,28.7867,18.7885,99.0706,20.7046,141.8869,14.7256,0.9584,22.91,42.9623,2.6897,695.6104,41.7095,13.1389,7.502,33.7634,8.9511,2,Rash_Irritation
16.9352,28.5237,17.3982,26.0392,1.4379,1.4475,29.3926,12.7902,45.8563,21.8539,173.0218,37.9455,149.5649,13.878,0.8455,15.5954,29.2005,2.7987,460.7068,70.2703,8.1008,14.3886,52.1987,23.7673,2,Rash_Irritation
11.8064,34.8809,19.6901,31.5671,1.2212,1.3216,29.9676,20.3823,38.1269,23.3261,106.4004,27.5623,144.8027,17.3076,0.9789,21.1331,51.8531,2.6325,589.6341,55.5,8.7464,14.9495,50.3117,18.1447,2,Rash_Irritation
11.3795,25.9403,19.2718,27.6928,1.3234,1.635,26.4422,17.1013,43.0288,18.1133,138.5001,25.4071,145.981,18.1135,0.9313,20.0069,52.552,2.4883,700.0828,48.4767,12.3643,19.8964,44.7263,9.333,2,Rash_Irritation
8.7141,21.973,13.1833,24.3625,1.1989,1.2571,20.2177,15.5692,49.8505,24.6953,109.83,25.1417,159.1286,16.6761,0.9513,17.1211,29.4429,2.5706,594.9863,67.5524,10.2367,14.4917,55.515,15.361,2,Rash_Irritation
9.6418,23.1729,13.5433,32.0745,1.0861,1.2738,16.6492,18.7021,45.8695,11.8767,181.1803,21.7708,161.1347,15.3049,0.9886,17.4911,36.5211,2.6569,790.5048,50.7175,11.1907,22.2575,44.7557,17.2998,2,Rash_Irritation
17.7088,32.7696,10.0658,24.6043,1.08,1.3051,25.0534,19.0669,60.1521,21.6013,146.8628,36.5088,148.5681,17.055,0.815,27.3268,58.9602,2.7938,800.7414,85.4979,15.1373,11.2232,67.5399,20.4463,2,Rash_Irritation
23.6236,44.0547,18.0234,36.8831,1.2168,1.336,18.4224,17.2994,24.0,23.3597,155.0653,26.8147,152.4284,9.7657,0.9972,22.7912,50.1114,2.8113,662.0804,42.9672,11.5766,21.2413,57.7694,21.2722,2,Rash_Irritation
16.7131,32.5626,14.0248,31.0285,1.08,1.4633,23.7497,23.2767,35.0649,19.6407,150.2992,35.0695,155.2305,16.3592,0.8134,29.5977,58.2645,2.7959,1295.6879,62.3556,13.5239,17.1492,44.7747,23.247,2,Rash_Irritation
8.0,19.7002,14.0013,25.3797,1.285,1.2946,24.5112,10.1996,41.9798,21.7235,117.2874,27.8794,140.6959,16.9259,0.8336,19.9716,51.1339,2.8932,824.4571,58.1072,13.7002,7.9025,43.2981,24.9345,2,Rash_Irritation
8.0,29.9383,7.0,22.7456,1.2761,1.2566,20.3465,8.3728,40.001,14.867,118.0072,21.4231,142.6736,11.4836,0.8315,24.8712,42.067,2.8627,733.5327,28.0,14.686,15.3243,55.7778,15.8739,2,Rash_Irritation
14.2943,30.3361,8.9868,24.6775,1.1204,1.3102,17.1926,17.2673,49.1899,26.4742,165.2946,27.0134,151.3223,17.1315,0.9045,29.4978,51.1699,2.549,594.8261,53.5042,9.0369,12.1651,67.0557,21.7018,2,Rash_Irritation
12.3321,36.161,21.1794,34.4548,1.2216,1.3605,26.7224,19.3545,48.1796,11.8522,191.7656,18.2669,152.0167,14.8982,0.9801,13.1503,28.2486,2.7021,401.8826,71.1491,12.3515,17.8675,56.0899,26.9571,2,Rash_Irritation
17.5171,37.4587,16.3559,25.0305,1.4128,1.4305,25.5063,20.7538,41.6157,22.7535,144.2965,37.2472,136.0,15.1514,0.8517,18.5253,46.2919,2.7924,604.1112,68.7702,12.1338,5.8454,42.6768,21.8767,2,Rash_Irritation
9.4847,29.767,18.8451,32.8574,1.0953,1.4576,22.9966,11.1865,24.3884,14.8124,164.6818,36.119,150.1638,14.0509,0.8706,18.5582,31.6943,2.7115,576.718,79.0842,7.543,16.766,63.178,20.8729,2,Rash_Irritation
17.0744,38.1322,18.3903,28.4499,1.288,1.1345,24.2958,12.5494,51.4528,17.3083,154.2743,37.9198,154.2265,11.1821,0.9984,21.9071,34.2876,2.7623,436.1217,47.9094,12.7629,16.6123,43.6767,11.164,2,Rash_Irritation
10.2094,29.0436,23.5536,36.1839,1.402,1.1398,13.839,20.7394,39.6034,15.4618,193.734,21.2396,146.2749,13.0664,0.8905,30.6792,48.0123,2.6896,944.7283,59.1282,12.2777,15.7362,44.747,13.9259,2,Rash_Irritation
21.8815,42.3319,10.4127,29.544,1.2955,1.3501,15.6339,11.5699,24.0,25.4964,182.5532,34.4831,152.9941,7.0,0.8592,25.7375,40.4602,2.7129,735.2347,52.9929,12.6805,15.0524,50.9058,13.8047,2,Rash_Irritation
17.241,32.4862,13.5602,21.7622,1.4467,1.1803,19.8096,10.3802,44.1152,17.5707,147.4566,38.6505,145.6481,14.8619,0.8244,21.0108,44.6544,2.6045,867.4578,88.7695,14.9531,15.2112,41.2042,23.5239,2,Rash_Irritation
10.5196,26.3024,17.3236,31.1133,1.3189,1.3346,28.7334,19.1791,29.6919,10.0,151.6106,24.9368,157.1305,15.4645,0.8509,27.2044,56.3352,2.8652,175.2591,73.8553,11.7991,16.7642,43.5133,23.3762,2,Rash_Irritation
11.145,30.7109,23.7096,34.9428,1.1377,1.6365,14.0167,20.8314,50.9234,24.41,122.955,22.1338,159.2706,19.6936,0.9349,16.1138,36.8006,2.9418,525.4558,49.5248,9.6242,16.2487,58.3644,15.53,2,Rash_Irritation
24.4017,37.843,19.0581,35.1445,1.3277,1.217,15.5929,17.1773,34.8613,25.3484,182.2907,16.6329,145.616,9.6609,0.9594,19.9707,43.9092,2.5325,1021.5867,34.6521,11.2501,12.6269,61.5717,10.8451,2,Rash_Irritation
8.0,22.4287,10.3796,19.5443,1.08,1.2299,20.1389,14.3997,39.917,24.678,139.3297,38.8238,141.1986,13.817,0.8612,15.6243,32.3521,2.879,1231.5242,42.8438,14.9682,14.8745,41.4016,30.9991,2,Rash_Irritation
8.8224,30.5243,12.9234,27.4657,1.4977,1.4596,31.3138,14.6678,49.3169,28.3619,105.5733,25.8437,162.2964,11.5996,0.9194,26.0284,55.9308,2.5672,688.1152,50.0799,12.4022,22.1091,51.7892,27.8348,2,Rash_Irritation
8.0,31.4916,13.868,33.2295,1.401,1.1445,28.7033,18.1453,50.0333,25.5824,142.0669,29.1456,151.3402,19.0764,0.9138,17.2419,48.951,2.6841,579.1814,45.8892,17.6468,15.2159,65.0011,19.5773,2,Rash_Irritation
8.0,18.6068,12.135,24.5081,1.4029,1.2735,17.9864,26.2416,38.9376,21.8444,141.0265,21.6115,159.0306,18.0485,0.8687,30.1964,63.3911,2.8871,768.611,36.3627,11.8547,8.5809,52.6875,6.3568,2,Rash_Irritation
10.1479,24.683,13.1135,21.7049,1.2816,1.4219,20.4372,23.2584,42.6559,26.0847,151.4104,46.8341,154.0372,22.0412,0.8398,24.4919,47.2539,2.6238,644.6876,30.8836,15.6629,15.2646,48.3641,13.9486,2,Rash_Irritation
8.6877,25.6646,20.9727,40.6918,1.2532,1.4076,19.9323,13.6634,48.4892,20.2053,132.6714,36.081,150.2598,15.5601,0.8274,14.953,30.4228,2.8287,905.9557,59.4049,8.6001,20.8795,37.2616,20.9214,2,Rash_Irritation
17.4344,32.217,9.9827,18.3291,1.3443,1.317,18.423,18.4773,39.9625,24.092,107.3087,22.355,159.5504,24.5901,0.8881,18.0651,47.2705,2.8877,832.1266,48.1187,15.5208,20.0556,65.5697,15.8535,2,Rash_Irritation
15.3498,35.7015,10.4511,19.3662,1.2225,1.6817,17.8069,22.8074,50.7081,20.9238,148.6958,24.0063,147.6332,8.357,0.8491,25.2735,54.0491,2.5722,904.3533,63.9492,12.0343,21.5731,45.4193,17.5333,2,Rash_Irritation
16.6676,34.3042,19.3349,37.3315,1.4121,1.7436,22.3543,17.9455,42.1709,21.7356,181.9621,29.5659,152.2297,14.5014,0.8203,27.4535,43.7047,2.8965,1214.64,52.0858,8.1681,23.6204,50.3417,21.7228,2,Rash_Irritation
15.5285,36.7784,9.5972,20.1826,1.0935,1.3637,23.9017,24.408,54.7918,25.7552,105.7464,34.9868,155.5858,16.5238,0.8717,19.9544,41.5331,2.5618,699.2421,31.2294,19.901,14.2405,59.7031,9.1545,2,Rash_Irritation
8.0,20.0602,21.138,30.859,1.2802,1.4685,26.3821,19.9035,45.8163,22.3114,130.7405,32.1392,152.3404,13.5519,0.9311,21.6838,46.5519,2.8421,709.4173,46.2138,9.8436,17.5189,39.2295,17.6657,2,Rash_Irritation
12.6511,24.1451,15.86,30.46,1.2261,1.3508,27.9215,18.6552,37.0426,23.1945,200.151,34.9586,154.5589,18.4024,0.9194,23.7103,50.2852,2.8208,418.7707,35.7194,12.0027,15.3091,45.9207,21.1293,2,Rash_Irritation
8.0,26.8667,10.4903,28.2481,1.1632,1.2436,28.1459,22.9201,43.629,27.4614,133.6819,30.4778,141.4167,14.0427,0.8359,27.0844,55.4476,2.7522,962.891,87.5123,12.8335,14.7116,37.9844,18.9598,2,Rash_Irritation
19.9557,30.9186,21.1949,33.5395,1.1841,1.2716,11.7361,14.2379,37.9568,20.0355,160.135,31.3559,150.903,13.1742,0.8791,24.0106,54.1074,2.7369,447.1628,62.2919,14.4097,19.2236,55.6771,16.3324,2,Rash_Irritation
16.5006,30.9098,21.0675,31.0333,1.0936,1.2985,24.838,15.8609,58.8383,21.6391,163.9547,26.7111,142.1609,15.1387,0.8064,18.1796,51.2619,2.6747,760.0895,46.9459,7.5169,14.5221,51.6546,16.1565,2,Rash_Irritation
14.6339,36.2158,21.0175,37.2424,1.0963,1.3686,21.0864,25.0496,51.3488,17.5326,139.4559,30.0899,153.9532,11.4246,0.8337,30.5193,50.3275,2.823,426.5976,42.8003,11.3349,11.5265,43.3623,17.5254,2,Rash_Irritation
21.3518,33.2663,20.0245,37.7799,1.3488,1.386,26.7601,16.949,41.3667,26.9276,170.1732,27.8689,153.3909,16.2393,0.9553,17.9102,36.3228,2.7811,771.1859,48.7565,8.5851,19.471,47.846,7.6597,2,Rash_Irritation
17.3434,36.603,17.3274,29.2259,1.08,1.4568,26.6716,15.5542,54.4562,20.653,167.2486,31.2069,171.7127,20.8777,0.8274,18.8757,43.4889,2.7782,913.7488,57.8963,7.9015,15.3651,43.6294,17.7561,2,Rash_Irritation
14.6779,37.7391,11.6656,28.3027,1.3475,1.3834,30.173,27.3649,39.3592,26.3354,199.792,35.4748,155.6626,8.2126,0.8321,20.6321,48.8965,2.6305,677.8026,53.3437,9.0178,16.2559,51.1158,21.3856,2,Rash_Irritation
9.324,17.31,11.6362,24.1498,1.1157,1.3059,25.6564,9.2598,34.9588,12.3489,102.7721,30.0744,145.6665,10.392,0.9398,14.3093,35.5684,2.5863,579.2123,32.957,23.9763,8.7185,57.0168,13.837,3,Swelling_Contusion
9.4864,22.2877,8.7439,15.6119,1.1833,1.3724,20.2759,10.2042,26.8394,6.0052,164.5805,26.6883,148.0367,7.0505,0.8336,21.3451,42.168,2.6107,623.7241,30.9717,20.4719,10.6956,73.9974,9.7484,3,Swelling_Contusion
4.0,16.5634,10.1053,20.1183,1.1321,1.3411,29.3412,12.8723,25.4148,14.8228,166.4054,27.2029,149.3469,11.5088,0.9776,13.4821,37.0328,2.5251,355.5596,28.8283,13.2226,7.9467,51.8315,6.2483,3,Swelling_Contusion
6.0594,16.4173,19.6133,27.0588,1.1513,1.0942,23.7749,7.9331,26.6843,15.7495,107.4971,22.2194,140.1765,10.3701,0.8973,17.4206,34.4862,2.4969,344.0529,34.8248,16.3686,8.4859,80.1179,17.7894,3,Swelling_Contusion
7.7035,21.5462,13.1252,19.0087,1.1071,1.3816,17.5786,13.1969,33.2724,9.9337,140.0061,27.0334,152.5171,11.9394,0.8956,16.9738,34.7616,2.3866,613.5774,29.0698,23.1475,12.6763,62.347,4.1637,3,Swelling_Contusion
4.0,13.4793,12.8892,23.4531,1.2445,1.283,18.2032,15.1679,38.2578,5.4512,143.2396,27.344,152.7825,9.1284,0.8651,14.0589,27.1663,2.2338,400.8512,8.0,20.3391,12.6735,55.5441,6.2197,3,Swelling_Contusion
8.9535,20.1297,9.9822,18.9466,1.3056,1.1826,27.1324,3.5,23.7734,13.4514,143.7988,32.6436,152.3863,10.3079,0.8336,16.5031,34.2499,2.6791,480.5433,24.9028,26.5018,10.9387,78.469,1.5,3,Swelling_Contusion
17.5777,31.1277,5.3094,18.8581,1.45,1.4381,26.9346,14.8568,38.9314,12.2395,124.1315,15.1706,145.024,9.5139,0.9569,9.6273,30.206,2.5788,616.4924,17.1017,9.8599,10.3449,59.484,6.4461,3,Swelling_Contusion
10.9931,22.8807,14.5551,26.8054,1.352,1.1751,21.8882,10.3886,38.0114,14.4176,136.6883,25.39,141.2294,6.5332,0.8416,18.1688,36.3805,2.4246,184.8228,25.9637,14.7049,11.0873,61.0182,5.1357,3,Swelling_Contusion
10.2449,22.5244,15.7233,31.3458,1.2629,1.1357,22.3176,11.6408,17.6303,11.5468,164.629,30.2099,153.3351,10.6091,0.8317,15.4572,37.5152,2.5824,370.1724,33.0736,19.8204,9.679,57.7349,9.8522,3,Swelling_Contusion
7.617,17.828,15.7445,26.1311,1.1835,1.1309,22.6088,5.7727,29.6586,9.5908,68.7037,26.8512,157.2118,12.8187,0.9828,13.7758,37.3885,2.3791,413.4737,23.1168,18.1056,9.4701,65.7039,5.8086,3,Swelling_Contusion
9.5991,24.2301,14.3163,29.1776,1.1525,1.1756,14.8764,9.9266,35.1027,11.3469,139.5816,16.3647,143.3827,9.0504,0.8961,13.9471,22.9856,2.6101,262.8856,21.2028,22.6221,5.2031,65.5107,6.1002,3,Swelling_Contusion
5.5773,17.8024,15.6733,24.9464,1.2636,1.2006,22.075,10.8223,39.3444,12.174,122.578,25.5091,142.7887,13.2356,0.8799,15.9653,38.871,2.5341,469.9921,11.3499,30.988,7.7956,71.971,8.387,3,Swelling_Contusion
13.8128,28.3119,8.8048,19.3657,1.1091,1.2833,22.6814,8.9958,46.8363,13.1847,158.9221,23.3897,159.8252,8.1511,0.9111,21.3878,32.3506,2.4709,758.9445,26.4649,30.0387,9.6086,60.335,1.5,3,Swelling_Contusion
5.9283,18.6334,13.3263,26.8964,1.203,1.2318,37.6921,8.3934,32.7934,16.183,122.6462,29.2538,139.988,10.3841,0.8666,17.9564,29.9833,2.5498,271.9522,20.6033,20.5069,9.34,76.2428,13.4327,3,Swelling_Contusion
17.8504,34.7373,15.4828,29.1063,1.1924,1.2462,26.3888,6.5755,33.0621,17.1233,122.3112,21.508,140.0944,14.472,0.8384,18.733,32.5316,2.8356,208.9319,29.2979,12.1287,11.285,69.5529,6.7833,3,Swelling_Contusion
8.4838,19.0836,13.6584,25.8986,1.1918,1.1232,26.6943,8.8215,32.6728,8.9408,101.7288,11.4806,144.2785,9.707,0.9464,17.2777,31.1893,2.3822,742.2919,9.8437,20.4157,8.0009,44.0,3.8771,3,Swelling_Contusion
9.675,22.1407,13.6072,23.6877,1.1297,1.4412,24.9516,9.4106,32.6777,7.3191,118.416,27.4929,133.2751,11.9341,0.8031,16.1296,29.6909,2.4562,521.0859,12.8616,18.1273,10.5607,63.5684,8.9644,3,Swelling_Contusion
4.0,21.7064,9.5122,25.4064,1.112,1.2649,46.7143,11.5855,52.1517,13.3201,108.662,24.9135,154.7935,16.4887,0.9301,17.5886,30.0806,2.4043,729.6038,23.7786,11.9968,10.2804,69.3397,8.7597,3,Swelling_Contusion
10.6869,20.8536,15.0492,30.0154,1.1398,1.2121,21.176,10.2808,36.9094,15.2395,159.3541,25.1522,143.526,8.3777,0.9504,17.2113,36.9832,2.5087,564.1346,26.3518,11.8308,10.1384,55.3625,4.4732,3,Swelling_Contusion
10.4555,19.5091,13.8495,28.0739,1.2072,1.2407,25.6546,8.8675,48.648,14.0898,190.1517,20.2667,144.5327,7.0036,0.9248,21.9836,37.2027,2.41,226.1948,16.1257,18.4645,9.0088,73.3847,9.9425,3,Swelling_Contusion
10.2336,21.3008,10.0712,23.1953,1.2457,1.0593,21.2031,8.8597,41.4638,8.5799,128.8579,24.4979,147.3809,7.8932,0.959,21.5189,32.2492,2.2454,356.844,33.3181,17.6119,11.8417,61.6993,11.1384,3,Swelling_Contusion
18.0765,25.9343,8.5532,19.7939,1.1617,1.2254,22.3028,6.6187,35.0039,8.7968,130.9082,17.8352,144.5715,13.8311,0.8663,17.5071,25.9077,2.5602,837.0559,16.4671,24.876,7.0349,59.0326,6.1168,3,Swelling_Contusion
4.0,13.9397,15.276,29.9478,1.2522,1.0808,26.523,6.3354,40.1754,12.6977,123.199,19.9572,149.0965,7.6491,0.8747,14.4304,25.9146,2.4208,364.7779,15.9354,14.5542,11.2922,45.6474,5.2647,3,Swelling_Contusion
13.9669,30.4357,14.9938,20.0992,1.1829,1.2531,14.0337,8.2367,40.0338,10.145,132.2293,35.5273,155.0049,12.4027,0.8695,16.7317,27.3945,2.5317,308.2407,20.2103,13.9381,7.7302,45.5998,9.7353,3,Swelling_Contusion
19.8711,33.2354,7.9952,15.6074,1.1842,1.0578,16.967,7.5594,32.4138,15.9457,134.5395,25.9633,134.2153,12.0829,0.8958,19.7117,33.3792,2.6359,512.7987,24.5752,15.4202,10.2913,60.5223,9.4966,3,Swelling_Contusion
5.0413,21.9766,9.3467,14.5775,1.2588,1.2255,19.0848,3.7056,25.0973,19.1576,133.01,24.0374,144.0009,10.2578,0.8615,12.0792,34.1921,2.6508,799.2282,28.696,25.605,7.4468,74.4651,7.4998,3,Swelling_Contusion
10.6186,22.7467,15.8506,31.4596,1.2193,1.3155,35.3446,4.9679,19.7683,15.8148,114.1457,13.8814,135.3642,16.4055,0.838,15.7607,24.8435,2.7748,604.6903,21.4419,16.4629,12.6051,65.7933,7.8868,3,Swelling_Contusion
10.9573,22.6856,15.749,22.379,1.2024,1.1859,27.6046,8.9369,23.2046,12.0807,121.5897,23.9109,152.5577,10.1569,0.8816,17.9264,28.9147,2.4047,423.362,35.4683,25.2335,8.7408,71.7249,7.2416,3,Swelling_Contusion
20.3407,35.3233,13.8944,26.5067,1.2338,1.3375,22.8087,3.5,37.5552,12.6993,138.2451,16.0565,145.7187,13.1508,0.8194,17.9117,29.2405,2.6361,463.0835,30.9211,18.5453,11.4186,65.6828,6.187,3,Swelling_Contusion
16.4284,28.4117,12.7912,26.2792,1.2339,1.3093,41.0571,9.9343,25.6907,14.2134,179.0831,21.226,149.6259,14.6862,0.9004,16.3515,25.3291,2.6821,532.5481,29.8576,21.5028,8.0603,70.443,11.2523,3,Swelling_Contusion
6.018,17.8894,5.4726,11.3775,1.1212,1.2946,34.152,13.501,35.3577,14.9693,143.8741,22.1659,138.5816,14.6207,0.8829,18.9538,40.1607,2.5619,100.0,16.8122,17.0742,5.2214,57.7575,9.1548,3,Swelling_Contusion
12.1069,20.6225,8.6242,14.0832,1.3228,1.0853,24.9914,7.4116,24.8833,10.6039,129.9449,23.0696,145.1495,9.136,0.8345,14.2899,36.9322,2.3814,598.4463,27.6007,22.5719,13.3635,57.0449,6.9858,3,Swelling_Contusion
7.4662,19.2175,18.3136,27.827,1.0,1.238,30.2641,10.5848,30.9761,12.8009,123.1639,27.074,151.0901,8.2064,0.847,14.0427,33.5862,2.4365,647.5793,13.2376,25.596,11.7557,64.7547,11.4334,3,Swelling_Contusion
17.3108,31.6902,8.8558,21.905,1.2401,1.2913,23.3081,15.0736,33.3019,12.4662,142.3166,17.8786,147.6251,11.6525,0.8193,13.5971,27.6337,2.5881,221.4138,31.8729,17.2404,8.1833,77.6027,4.9091,3,Swelling_Contusion
18.2212,33.5571,12.7916,25.1692,1.2772,1.2174,31.351,4.0699,35.7564,17.044,132.9832,28.035,154.7514,13.0676,0.8518,13.0923,22.681,2.5421,281.7137,33.5081,24.3216,10.6881,63.8831,9.4108,3,Swelling_Contusion
7.2544,16.3723,14.1885,25.6786,1.1131,1.3438,28.8565,7.8071,26.9907,9.8507,128.9994,18.3472,135.4203,14.42,0.7845,14.9235,33.4788,2.4321,474.536,17.1843,18.8229,8.1657,62.5773,14.9094,3,Swelling_Contusion
9.1535,19.5169,8.6047,18.0973,1.1457,1.2067,27.4622,11.5921,37.3736,15.1341,104.0286,23.1695,139.4991,12.2427,0.8712,16.9639,35.9246,2.6119,289.309,26.5543,13.3803,8.8365,62.8556,7.7804,3,Swelling_Contusion
8.9733,26.1131,12.07,22.0276,1.1299,1.02,29.8252,12.4635,36.1246,9.4513,116.5698,25.7197,145.7781,10.6226,0.8723,15.1723,34.8099,2.8665,119.5973,22.2456,24.3177,8.1048,54.2018,7.9736,3,Swelling_Contusion
4.0,18.6169,9.1572,22.7345,1.1187,1.1449,31.9758,4.6044,40.5567,13.7139,70.4436,23.0856,134.1162,7.3847,0.9912,10.4334,24.5804,2.6243,849.269,29.5484,26.1535,8.7791,66.2437,13.5583,3,Swelling_Contusion
8.9263,24.4208,10.2764,25.4684,1.2055,1.1712,27.0769,5.9945,27.4656,10.5966,103.0133,20.2224,144.0984,12.2068,0.8535,17.7413,37.104,2.6806,540.7369,24.5755,21.436,12.7612,75.7886,12.7718,3,Swelling_Contusion
4.1097,19.4921,13.9228,24.6925,1.1231,1.2816,20.9799,9.1699,21.5531,15.8393,172.9477,20.4002,146.4401,11.1155,0.9097,21.7584,37.5918,2.2729,435.9874,24.2894,22.3767,11.7112,66.6238,10.1204,3,Swelling_Contusion
11.6998,25.2834,6.4043,15.5195,1.104,1.1974,34.9273,4.6583,43.4459,10.6884,133.3255,21.6396,141.0257,12.3225,0.8524,10.5449,25.7442,2.4795,486.7776,15.1901,17.8039,9.7478,64.3003,9.3014,3,Swelling_Contusion
6.66,22.5231,11.4933,23.2809,1.1601,1.1337,28.737,13.444,31.0898,8.8139,147.4837,14.0703,143.7974,14.5341,0.8753,15.1379,32.197,2.658,569.5355,13.2256,11.5404,13.3505,67.9578,13.7338,3,Swelling_Contusion
7.9192,24.6241,17.2444,23.8714,1.3887,1.2425,32.9885,9.6296,25.7354,16.2256,125.8017,31.4454,152.142,12.8421,0.9006,10.9031,25.4756,2.5333,114.4314,39.2128,18.0214,12.6051,60.07,13.4225,3,Swelling_Contusion
8.0634,25.5737,3.87,12.3175,1.1726,1.2587,27.5097,5.354,30.894,11.8645,141.2309,14.7897,151.7271,8.0835,0.8925,15.8093,36.2879,2.3725,449.6791,27.3731,12.9799,12.4831,62.7614,14.8038,3,Swelling_Contusion
4.0,14.9799,19.5259,34.0,1.2093,1.1375,29.7157,10.068,37.3465,15.3705,131.7814,18.1609,149.5528,13.407,0.9235,8.9446,22.2197,2.5238,525.2565,18.7754,22.2298,6.701,62.7981,14.5507,3,Swelling_Contusion
9.7672,25.887,12.8045,26.1756,1.2433,1.1452,34.0966,11.9098,30.1112,10.3003,142.1643,15.8949,148.6631,13.4662,0.9836,10.2753,23.6205,2.6746,281.4234,24.2717,13.7811,12.5834,74.5437,9.8579,3,Swelling_Contusion
6.789,22.3055,17.7773,29.4423,1.2687,1.2288,19.2948,7.8093,44.1269,15.9334,142.8472,10.0,143.8302,10.1369,0.9946,16.3539,29.2157,2.5562,607.7183,30.4321,22.0057,3.7977,63.2704,15.8731,3,Swelling_Contusion
6.2948,17.4907,16.8629,31.0081,1.0419,1.2236,20.0721,9.571,25.4689,15.5209,132.3196,26.6307,150.897,12.1733,0.947,18.2672,29.3327,2.5362,425.7873,27.7358,15.2609,9.4378,84.0743,11.1074,3,Swelling_Contusion
10.3848,19.7643,10.9408,21.505,1.2815,1.2927,30.3417,7.0609,27.5845,12.2155,98.999,25.3919,133.115,9.5374,0.9011,21.1413,37.3896,2.7033,100.0,17.7928,18.1947,11.7751,73.0053,5.7288,3,Swelling_Contusion
10.2326,21.4738,11.7093,20.4848,1.3064,1.2144,28.804,14.9191,32.1066,10.9104,167.2095,23.0679,146.76,13.9904,0.9842,17.2539,32.519,2.52,525.8389,21.9222,20.3341,3.0,75.5502,4.4852,3,Swelling_Contusion
7.0623,14.619,8.9863,20.0747,1.1243,1.1892,22.7358,11.5509,27.8553,8.6107,143.3227,28.2841,134.7617,8.7057,0.9745,18.8256,32.2343,2.7199,598.5404,26.8733,21.1053,10.5569,69.5886,13.4846,3,Swelling_Contusion
12.7634,28.807,13.7417,23.9438,1.2359,1.2622,21.3935,10.6883,46.851,7.0514,158.6419,27.7093,154.4904,13.1772,0.9758,17.4403,32.2768,2.5275,171.1837,20.0849,22.0077,12.7128,65.8897,5.9965,3,Swelling_Contusion
10.3785,27.8715,10.6386,18.7028,1.273,1.217,33.1422,14.1136,38.9846,13.2103,159.883,27.7595,145.4915,13.9537,0.841,13.2785,35.7767,2.6848,430.8962,20.1666,20.7471,12.1894,73.1115,9.6309,3,Swelling_Contusion
4.0,19.6101,8.0227,14.7894,1.0413,1.1779,23.1041,9.8503,36.1719,9.4334,118.1692,19.2584,142.8543,10.8466,0.8563,14.7715,36.9848,2.5626,765.1514,14.8633,24.2959,7.7726,58.7123,12.714,3,Swelling_Contusion
5.3678,17.8457,4.2996,15.2638,1.2835,1.1062,32.9783,15.0728,32.578,8.2652,126.0017,10.7528,144.7916,13.4629,0.7831,16.7249,37.2058,2.4808,151.217,24.1218,30.9619,5.195,65.3166,14.7136,3,Swelling_Contusion
11.2881,19.0361,12.1305,24.6388,1.3068,1.1508,24.0873,9.4822,23.6336,17.1493,145.4846,27.5353,139.7338,13.1352,0.9474,16.4775,25.0187,2.564,792.9,19.5923,19.1601,6.6643,65.2302,10.6252,3,Swelling_Contusion
4.4296,22.1089,21.7526,28.1787,1.218,1.2945,29.6281,8.7115,42.0579,10.5683,130.491,21.1619,139.7202,12.0962,0.9229,14.3699,25.0946,2.3151,192.2887,43.2692,9.0,9.2294,75.1464,11.8164,3,Swelling_Contusion
7.4139,14.4206,15.1552,29.6743,1.1776,1.2418,35.9418,6.0113,39.3913,12.7333,141.6644,16.9823,143.7662,8.5449,0.7833,15.6458,37.2426,2.6715,328.1453,13.4368,17.9163,12.9087,66.8915,7.9234,3,Swelling_Contusion
13.8092,24.9675,15.0957,20.9474,1.1009,1.209,31.1046,9.9037,42.1804,7.8475,146.0043,16.1343,145.518,13.221,0.9839,10.9407,25.3512,2.3293,550.2653,35.7081,15.5178,12.8666,66.3474,4.2258,3,Swelling_Contusion
4.0,14.4931,5.2303,11.8643,1.1877,1.299,28.3253,11.6201,28.7024,11.2735,130.4462,16.033,134.1429,8.9926,0.8829,19.4257,42.4207,2.37,453.8527,31.7637,16.7219,11.2459,59.5431,9.3879,3,Swelling_Contusion
4.6689,18.0174,9.6746,17.5894,1.2874,1.3916,28.831,7.2006,21.1203,14.8333,87.667,21.1267,143.7663,10.7916,0.9959,15.9691,30.1086,2.897,100.0,28.6255,17.5019,3.0,59.4864,6.6758,3,Swelling_Contusion
11.1075,23.0055,12.0932,27.9093,1.0987,1.1504,19.0632,13.9961,22.7153,14.5467,110.7291,27.2209,150.3467,14.456,0.903,12.3851,25.0166,2.479,457.8939,29.1972,17.3218,10.1875,58.738,5.1616,3,Swelling_Contusion
7.8196,20.911,19.4756,25.8216,1.2433,1.293,26.6484,8.7779,36.1608,12.3529,140.8387,14.4097,142.4264,7.5603,0.8949,13.7037,30.3964,2.4931,353.2669,28.9224,21.3768,13.088,70.6098,5.2729,3,Swelling_Contusion
11.7702,29.5433,7.1724,14.1217,1.2327,1.0329,32.1741,8.3457,32.3948,9.7228,127.7611,24.4046,149.1487,14.8985,0.8349,10.974,32.9196,2.5235,685.0163,13.1961,18.0998,7.7289,66.0925,4.4568,3,Swelling_Contusion
5.1065,15.7583,9.6165,20.8168,1.1773,1.4071,20.1963,9.7412,48.4232,13.5229,139.2666,25.7865,142.7952,14.8989,0.8503,11.3848,25.0978,2.5006,399.3851,21.6864,25.3884,11.2859,68.1061,8.4906,3,Swelling_Contusion
16.0649,29.2249,11.1357,16.6319,1.0474,1.0552,27.5554,10.8031,42.757,14.3372,165.4366,29.9874,147.6944,9.9674,0.9411,15.9136,39.1361,2.5924,448.5931,15.1014,11.9672,11.7272,69.8294,10.4811,3,Swelling_Contusion
8.5425,18.9854,17.8431,24.6096,1.2091,1.3181,28.0766,13.3573,28.3682,7.8501,134.0463,22.5755,147.9858,10.9178,0.867,10.9773,23.5596,2.5337,604.1997,24.8581,30.1554,9.6821,61.5931,17.0462,3,Swelling_Contusion
4.0,18.1518,13.6387,20.8348,1.3477,1.3123,34.1797,8.3654,36.3662,13.7341,114.5071,26.7604,147.5008,13.0844,0.9337,11.6862,35.0161,2.2751,433.0778,23.2282,16.2698,12.7675,73.7049,11.7971,3,Swelling_Contusion
14.1621,27.6427,8.0412,13.1812,1.1994,1.3216,29.4521,3.5,23.8101,4.5004,140.1566,24.3227,146.5577,8.1232,0.9991,20.0255,40.3305,2.5922,224.0732,13.2377,19.9994,14.5753,79.5979,10.3029,3,Swelling_Contusion
7.0837,17.8472,4.3938,15.6458,1.1913,1.1628,30.4729,3.5,21.3646,9.5904,137.8392,24.2188,150.7766,11.3237,0.8075,5.0,14.0,2.4484,100.0,17.2685,22.0851,9.7385,63.9759,6.5562,3,Swelling_Contusion
8.3575,23.1687,11.3006,26.0337,1.4283,1.2754,24.2085,7.8159,30.2507,6.6941,137.7176,27.3091,141.6265,8.5779,0.8645,12.1806,26.4597,2.8473,172.7221,26.2036,18.3768,8.5409,75.2235,6.2877,3,Swelling_Contusion
11.4901,22.8818,10.191,19.6008,1.1133,1.2099,19.3011,6.1104,30.3513,14.2652,134.5179,18.2506,145.2551,7.0141,0.8327,14.1523,28.6081,2.6746,527.1909,21.5203,19.2902,11.6178,58.022,9.9936,3,Swelling_Contusion
9.8875,27.5516,12.008,24.92,1.0373,1.2659,33.9445,12.9484,37.6783,7.8856,142.6362,26.6717,135.1306,7.6362,0.9423,16.387,29.0505,2.7538,467.1546,28.9671,17.1447,11.1356,72.7506,7.3757,3,Swelling_Contusion
9.5702,18.98,15.163,30.3505,1.1072,1.2467,29.6984,5.7826,39.6993,10.8656,163.9476,30.9999,149.0679,10.7155,0.889,13.0979,33.0203,2.5513,229.3915,14.1495,17.5061,6.1588,63.7786,11.1437,3,Swelling_Contusion
9.7902,26.0985,11.4394,21.4425,1.1311,1.2887,22.3862,9.8381,24.631,9.3799,127.0214,32.9806,145.5544,15.964,0.799,17.8483,40.3048,2.6033,727.0842,26.5591,12.1078,10.6117,63.6592,2.1351,3,Swelling_Contusion
4.0,11.6436,13.9538,24.9599,1.2604,1.2021,36.1457,6.6496,28.9343,11.9085,135.9401,19.0757,147.0708,7.5081,0.8435,18.042,38.4486,2.6136,123.1322,24.9653,17.7244,10.6955,59.0075,6.6394,3,Swelling_Contusion
4.1634,21.1863,10.7949,21.38,1.3348,1.0615,25.0909,8.7019,23.1953,9.9476,136.1998,21.4673,136.5046,19.6222,0.9317,16.5614,26.9001,2.7098,420.4415,10.2803,15.1839,11.5848,81.5521,9.6749,3,Swelling_Contusion
12.897,20.7284,11.391,16.428,1.3154,1.0655,24.5115,16.325,32.6502,11.318,158.2246,29.8676,137.8415,12.2839,0.8742,17.9109,26.2081,2.8214,574.9821,13.5063,9.0,9.8465,75.327,7.5017,3,Swelling_Contusion
9.3858,24.2882,9.5277,16.7686,1.3123,1.3363,30.6369,5.0732,30.5383,17.7314,165.6951,14.5437,144.6943,12.0893,0.8662,10.1938,27.0444,2.5092,308.9085,21.0172,14.3985,9.1728,58.9281,7.7953,3,Swelling_Contusion
15.9177,25.9752,6.0279,16.4573,1.0411,1.1846,22.7024,10.6529,32.8694,18.2213,149.2271,10.0,133.8111,7.4116,0.8899,24.0,43.3793,2.5658,221.9567,10.9481,22.8904,3.0,73.8213,8.1254,3,Swelling_Contusion
8.594,26.193,12.5295,19.2694,1.1997,1.1691,26.7203,10.3208,33.7738,6.7711,104.2902,28.9556,143.3115,12.7542,0.8519,10.6654,20.2705,2.2604,330.2747,32.5575,20.8079,14.7468,69.2353,1.5,3,Swelling_Contusion
4.5239,11.7179,14.4576,25.5374,1.0375,1.4111,21.5592,10.2888,26.3578,22.0,148.1896,19.6192,148.3317,13.2502,0.8247,11.5771,34.7212,2.6625,445.4472,18.0021,13.4145,10.8897,70.8504,12.6492,3,Swelling_Contusion
11.8551,24.8068,13.73,22.2116,1.2928,1.1772,12.0,9.384,33.1203,13.817,190.1963,20.9097,140.2904,7.4992,0.9851,18.0539,30.3917,2.6034,533.7691,23.8026,15.9391,7.7544,46.562,9.2545,3,Swelling_Contusion
22.5341,38.9835,12.8885,25.5993,1.1113,1.0724,16.4761,10.1932,39.9068,14.4208,139.0411,30.4552,156.2367,12.8229,0.9165,15.0796,28.77,2.5579,159.6459,20.3867,18.9343,8.5558,65.0993,1.5,3,Swelling_Contusion
10.7663,24.4081,13.5654,24.3924,1.2913,1.2543,23.2784,10.3812,35.2862,9.8574,168.1072,15.3105,143.6558,12.6676,0.8278,8.9201,28.2251,2.4088,507.2687,26.3955,15.7312,9.4193,58.7229,12.9513,3,Swelling_Contusion
14.2031,31.1265,10.2852,19.0139,1.281,1.0457,25.9727,9.7745,36.837,11.8616,161.3296,21.6967,140.5678,13.3526,0.9423,11.7742,31.2281,2.6413,358.6617,31.3391,21.603,9.3685,63.9849,12.5573,3,Swelling_Contusion
4.0,16.7412,6.1943,21.6752,1.3316,1.3845,29.5983,10.4397,33.4615,4.5,111.8979,23.5537,148.3881,11.869,0.816,13.7848,26.156,2.4603,716.8399,30.0659,24.4532,7.5223,74.6075,8.9664,3,Swelling_Contusion
5.397,17.2599,10.7642,25.5538,1.2965,1.219,19.9222,5.6877,31.7978,14.4304,116.5283,27.0248,145.554,12.8186,0.9471,12.3739,34.7905,2.378,355.5261,10.7758,22.4369,6.885,61.8356,5.0733,3,Swelling_Contusion
4.0,15.5592,14.3795,19.741,1.1536,1.1483,31.344,8.6411,22.9434,13.2634,106.7995,16.6571,151.5593,7.411,0.8968,11.85,20.2043,2.4653,395.3046,21.9764,18.5847,9.895,59.9782,13.2236,3,Swelling_Contusion
15.1838,22.6816,10.5418,17.7618,1.2648,1.33,25.1799,9.0621,30.0103,14.1269,155.3354,15.2696,147.2339,15.4689,0.8736,13.1669,35.773,2.4556,324.6103,36.7851,27.0502,10.6019,52.3025,6.5598,3,Swelling_Contusion
4.0,16.1637,10.5052,23.1053,1.1871,1.3732,25.1981,5.9647,30.0794,15.8865,129.7756,33.6186,149.0586,9.0656,0.7985,9.8216,18.8947,2.54,329.6821,45.0,24.5838,11.7833,61.0146,13.5227,3,Swelling_Contusion
9.9314,19.0532,11.98,26.9435,1.178,1.1989,32.167,5.1687,36.3413,14.8002,141.8785,22.6074,144.9854,14.8571,0.9344,21.1113,34.4069,2.7581,303.9716,22.9896,26.192,6.1929,82.9249,12.0381,3,Swelling_Contusion
13.2929,23.7063,6.8473,12.3956,1.1437,1.32,22.6777,7.8338,28.0306,14.9946,136.636,25.5302,155.8664,10.7755,0.9234,14.8512,26.5076,2.5473,634.8945,23.3824,22.8895,5.3379,59.7597,6.565,3,Swelling_Contusion
12.1822,29.5853,5.6711,18.0933,1.1375,1.354,24.9315,4.3494,31.6375,15.8775,130.7818,17.2422,148.4551,11.7752,0.9939,8.327,19.4267,2.5172,580.9536,16.7353,27.2671,12.8881,56.8471,13.2226,3,Swelling_Contusion
4.5731,16.9358,9.1865,15.7977,1.1536,1.2988,30.9906,12.8024,24.1849,12.7834,106.9056,16.2877,142.6427,14.2061,0.946,17.2835,40.9039,2.4711,548.7981,20.7414,25.2202,10.5362,58.5395,14.4482,3,Swelling_Contusion
15.6855,31.1443,9.5535,17.6514,1.0959,1.1303,30.0497,13.5315,34.1318,6.3293,157.8288,19.7407,151.1642,9.861,0.864,13.0396,28.0818,2.68,331.2735,24.7409,15.452,11.0349,75.9532,8.5917,3,Swelling_Contusion
4.0,16.1065,15.8027,24.4116,1.2987,1.1943,22.8378,12.1378,27.0422,7.5889,124.9413,21.9939,138.1598,12.9109,0.8282,14.7131,36.0667,2.2714,567.8439,27.4564,23.9569,9.3179,58.7014,7.02,3,Swelling_Contusion
13.237,20.6785,6.5565,18.2618,1.1134,1.3709,28.1718,5.0691,29.5188,14.505,113.1482,17.7476,144.1913,12.4079,0.7808,19.2015,29.2586,2.6791,456.2752,24.5951,9.1787,9.2477,63.9945,9.7491,3,Swelling_Contusion
20.062,29.4652,17.072,29.2348,1.1295,1.3556,23.6216,12.8664,36.3222,11.6655,132.849,22.4817,146.0431,14.0976,0.8647,9.028,22.6315,2.5601,571.3137,12.8744,25.7824,8.7322,53.6198,6.9627,3,Swelling_Contusion
4.0,15.1256,11.5124,17.7397,1.3128,1.1906,15.3818,4.27,47.6064,16.1418,103.652,27.4583,146.4323,14.8115,0.8461,10.7228,28.6859,2.2979,462.5645,23.1871,23.5292,9.6196,64.9437,7.2823,3,Swelling_Contusion
14.4122,22.7055,9.5565,19.1418,1.2251,1.3375,22.1003,13.3438,33.7947,12.2715,123.4103,13.0601,145.7926,13.3692,0.9354,10.8094,30.3864,2.4518,455.5528,40.8385,14.4085,10.7848,63.418,10.7621,3,Swelling_Contusion
13.2459,26.1422,11.8311,22.4954,1.1151,1.02,29.0544,12.7475,22.1687,14.1648,130.9321,24.8526,139.9454,8.0584,0.9275,17.6515,27.1096,2.347,455.3115,15.239,20.3424,9.911,74.5011,13.2819,3,Swelling_Contusion
4.0,16.7596,3.57,9.9823,1.1396,1.212,29.9563,8.5878,25.1472,11.3297,112.3272,21.5107,152.3853,10.1885,0.9089,10.3546,23.8569,2.5921,440.5403,31.5733,17.7941,11.9243,75.6675,6.0231,3,Swelling_Contusion
16.5938,34.1635,14.0487,23.5031,1.1965,1.1967,23.7038,4.331,27.805,11.4371,79.7892,20.1682,150.0632,15.0297,0.8207,14.2732,25.1364,2.3953,655.6768,34.9045,12.4019,6.7656,51.0922,8.4084,3,Swelling_Contusion
7.5049,25.2504,12.1106,27.9513,1.1894,1.3036,29.9225,4.9755,23.4952,10.3169,161.4153,18.3162,143.8548,9.391,0.7839,18.8181,27.8209,2.728,702.1399,26.6918,16.3841,17.4597,66.6286,6.6529,3,Swelling_Contusion
6.5329,14.9954,12.6485,19.1853,1.1949,1.1698,29.8777,13.3308,45.5285,13.8767,115.2194,15.2693,151.2641,8.0081,0.8156,14.3712,37.4493,2.4933,687.3662,27.0697,19.8624,15.3837,72.586,10.2751,3,Swelling_Contusion
14.2246,25.0219,11.0283,20.1474,1.1944,1.3442,33.7713,9.8326,47.0624,11.1646,143.0058,10.0,142.5395,13.556,0.9921,10.4916,29.7184,2.7741,533.2054,30.8282,20.0504,3.0,67.9783,10.9366,3,Swelling_Contusion
10.4103,22.6006,12.9255,23.4101,1.2125,1.3223,21.6537,14.1817,39.1241,13.0001,127.2464,24.5338,146.9521,10.7542,0.8573,9.7484,18.574,2.3061,416.5003,21.8827,24.1584,13.7081,55.7452,13.2343,3,Swelling_Contusion
12.3233,22.0592,7.1771,14.0263,1.2149,1.4004,22.8787,6.4219,32.2399,14.8016,119.4561,30.995,144.0538,8.797,0.9107,19.2176,29.6352,2.4447,287.8539,21.2663,17.8104,8.8982,60.6436,3.5906,3,Swelling_Contusion
13.8303,24.3082,22.0,34.0,1.0115,1.284,18.2848,7.0785,39.2022,12.4415,120.2768,13.6148,146.1673,12.0071,0.9959,12.716,29.2131,2.7598,471.2792,29.9174,18.1089,4.41,58.6017,8.6197,3,Swelling_Contusion
6.8633,23.1255,16.7896,25.5503,1.1174,1.3059,27.0099,10.5561,33.0501,13.5532,82.2835,15.191,147.2939,4.8694,0.8796,15.6992,33.2811,2.4679,277.4791,19.4746,11.7093,3.0,67.1337,11.4911,3,Swelling_Contusion
12.5365,29.5618,7.012,21.2808,1.0289,1.3564,26.6183,6.9026,27.9623,15.6547,153.9926,29.0345,146.3487,8.4901,0.8054,12.1256,31.5123,2.1803,594.794,31.0895,20.0282,5.8603,60.5747,10.667,3,Swelling_Contusion
4.0,18.9303,15.1762,28.7823,1.1736,1.2897,32.3626,14.3605,39.9197,11.7042,96.4514,23.8561,146.4112,13.1271,0.8851,15.2646,32.203,2.7323,525.4815,17.9104,9.0,8.5947,54.3426,7.9834,3,Swelling_Contusion
15.9031,26.2318,12.3644,27.998,1.2489,1.0693,28.5466,9.5573,26.2362,13.6375,80.7852,17.6468,151.6657,8.8225,0.9085,14.2206,30.7427,2.6207,317.7227,17.5987,12.9147,9.5359,68.4503,1.5,3,Swelling_Contusion
8.2587,19.9774,4.9537,20.5063,1.1929,1.3388,31.5724,15.2637,34.077,9.2881,133.6085,25.2861,150.5872,6.5989,0.9476,19.53,28.1739,2.5206,406.7624,30.0171,22.219,12.0676,59.5219,5.9227,3,Swelling_Contusion
10.3448,18.9671,11.5544,22.5788,1.2558,1.2728,21.9886,15.269,35.3604,9.5044,119.9487,20.9728,153.4913,13.7995,0.9383,8.611,31.6862,2.5697,263.1185,28.9313,17.4626,8.5086,64.1921,11.4542,3,Swelling_Contusion
16.9647,30.9368,18.4058,31.2959,1.0996,1.1891,28.2596,7.6027,37.0404,13.8056,163.6532,28.6382,140.0247,13.7985,0.9985,11.9202,24.5429,2.4252,545.7809,32.0111,17.1961,9.2624,68.4812,8.9366,3,Swelling_Contusion
16.4708,27.1755,11.5531,24.4287,1.3982,1.1988,30.1288,9.5146,25.4494,14.1664,140.7424,25.8915,140.5718,10.2206,0.978,12.4866,35.2108,2.3793,383.41,25.7044,20.8897,9.5868,81.7547,10.2662,3,Swelling_Contusion
4.0,20.0593,10.9278,19.3781,1.0,1.0857,26.3559,14.1541,34.5809,7.175,115.451,32.2014,141.5838,8.1711,0.9179,10.2138,33.3147,2.5795,679.3307,16.8497,13.137,9.5995,68.681,9.6667,3,Swelling_Contusion
6.0909,22.3757,15.7151,23.1063,1.1933,1.0913,30.8419,7.3374,38.613,8.2936,149.8572,23.2149,141.6858,15.1393,0.9457,8.6879,25.614,2.552,891.3058,15.9001,22.4831,9.3834,75.4434,9.0693,3,Swelling_Contusion
7.9203,21.5039,5.9692,17.3513,1.0637,1.3592,32.7083,4.7907,30.2681,9.6435,158.9639,16.2417,144.4562,8.9422,0.9809,12.2444,35.0413,2.6787,353.6558,22.0069,29.1622,7.9493,57.672,10.367,3,Swelling_Contusion
12.7239,26.7405,8.8593,21.4137,1.1793,1.1655,22.862,9.8997,35.7074,8.7403,123.0923,23.4381,149.7556,11.2215,0.7834,14.1961,22.2992,2.5531,405.1138,15.59,17.1471,11.8352,55.9743,14.1727,3,Swelling_Contusion
13.8224,24.5465,12.5567,26.2847,1.2519,1.1469,38.8996,7.0988,26.8233,13.2589,146.9362,24.7977,146.2502,7.7288,0.9128,12.5979,32.9803,2.7754,524.9742,24.8816,25.076,12.6807,67.5444,3.6426,3,Swelling_Contusion
11.8842,20.3841,10.4308,22.2778,1.147,1.0338,29.6074,8.4875,37.3264,11.8833,118.8055,24.1027,141.0759,15.9663,0.8476,18.1048,27.1263,2.4801,267.5524,15.7984,20.1353,5.4635,64.4968,9.8761,3,Swelling_Contusion
9.3408,25.93,13.4646,26.7976,1.1502,1.2539,27.3681,8.5636,34.7179,14.8772,145.1004,22.9145,150.8749,13.8841,0.818,14.7379,32.0614,2.4576,612.9215,27.7111,16.0146,9.9548,74.409,5.8467,3,Swelling_Contusion
5.1549,13.5828,13.7798,19.9873,1.1153,1.4266,28.485,8.2474,37.5233,14.2458,131.4134,17.5286,151.2847,9.9654,0.8659,15.6653,38.7218,2.5197,366.4709,20.2076,22.0277,7.625,53.0272,9.2803,3,Swelling_Contusion
13.8479,22.2152,11.5361,20.6361,1.3319,1.1462,28.5096,8.0364,33.254,12.9644,129.3354,22.9636,151.549,16.2845,0.9234,13.7851,31.304,2.45,338.8888,19.1671,24.3045,6.1669,74.7018,9.5698,3,Swelling_Contusion
8.5024,18.3293,10.6931,26.2175,1.0913,1.1077,30.1097,7.9271,26.5944,7.6296,118.2527,12.2398,145.6102,4.5,0.9592,17.8054,27.4234,2.6058,398.6352,25.0763,20.9611,13.1045,78.2626,13.307,3,Swelling_Contusion
4.1136,12.5994,16.1267,24.5903,1.2188,1.2203,28.7674,15.1694,39.3915,11.5864,103.1484,20.2502,148.9108,7.4869,0.8902,17.1969,25.5541,2.6957,458.7927,18.8335,22.2353,5.726,83.3191,12.7155,3,Swelling_Contusion
6.2127,20.7086,12.4624,27.7766,1.1284,1.1491,29.737,7.4709,28.4251,11.0531,148.3759,28.713,138.4217,7.1154,0.8439,8.3897,25.1569,2.4322,577.3272,31.2631,21.1687,3.628,66.849,5.9504,3,Swelling_Contusion
11.2168,20.0753,12.3238,25.5889,1.2015,1.1483,14.1172,12.4949,22.4833,11.843,134.494,24.7961,143.4431,11.8136,0.9187,16.8391,36.5285,2.8031,461.5288,17.1529,21.9618,11.2021,64.4616,10.2428,3,Swelling_Contusion
12.951,22.1649,12.3081,22.6437,1.0901,1.2651,22.6992,12.4852,35.0121,6.94,133.6996,22.1067,144.7483,14.1338,0.859,11.3294,28.0421,2.3785,340.7134,30.3492,19.5107,5.0767,67.5128,7.2044,3,Swelling_Contusion
7.664,24.3509,15.0969,28.1133,1.2211,1.1368,34.2676,11.8955,39.4087,15.545,144.5182,31.1455,147.077,10.3428,0.784,18.337,33.1715,2.3915,503.3332,24.1632,21.7472,18.1396,56.9462,5.7959,3,Swelling_Contusion
15.3421,32.6466,12.6829,24.4809,1.2189,1.1562,31.3379,12.1827,25.3993,14.3176,148.8963,26.3705,145.8357,10.4839,0.7805,12.6444,34.7999,2.6371,644.4527,32.2131,17.5382,8.6983,63.0068,9.7008,3,Swelling_Contusion
9.6591,18.0148,10.2646,24.7577,1.1727,1.2151,22.3111,9.9296,40.5292,12.5057,125.499,21.1061,141.9666,11.1588,0.8822,16.6781,32.4986,2.65,607.7171,27.5186,28.8116,10.6694,50.1078,11.1645,3,Swelling_Contusion
6.6853,17.2258,10.0888,24.4607,1.3155,1.1631,25.2691,5.7809,43.1118,16.5507,134.6218,14.8563,143.855,11.6965,0.7842,12.8387,36.5177,2.5449,335.7248,39.956,28.214,3.9535,56.7696,9.9679,3,Swelling_Contusion
13.2455,26.6661,16.3333,23.3516,1.1364,1.2439,33.3199,15.8903,38.2589,12.4438,130.8832,24.0017,152.4787,10.8659,0.8488,17.1775,39.8227,2.3898,333.7365,30.6821,18.102,8.7961,65.8667,7.377,3,Swelling_Contusion
23.8409,32.9031,15.3995,29.5147,1.1963,1.3402,32.5201,12.2276,30.8743,9.8267,128.3073,25.907,136.6481,10.9535,0.9965,16.5008,25.8189,2.5302,659.7996,32.9756,23.1607,6.9072,65.8213,5.704,3,Swelling_Contusion
12.2023,20.9684,7.8213,21.2541,1.2048,1.271,23.4791,5.8883,49.9826,9.8111,165.2215,33.667,149.3445,10.0987,0.7979,21.773,30.747,2.4902,608.7054,27.4639,17.6851,6.0735,55.4301,11.6568,3,Swelling_Contusion
4.0,21.6818,9.6293,20.3196,1.1637,1.3053,34.5047,7.6315,35.741,12.2877,105.362,12.5158,146.948,12.3922,0.8666,11.5247,24.1027,2.6207,100.0,20.667,32.4492,13.0128,58.0625,6.853,3,Swelling_Contusion
10.7482,25.5313,12.449,17.949,1.2344,1.2271,15.7557,16.089,41.4056,7.3882,122.2875,21.7018,150.9337,4.5222,0.8444,11.4398,23.6098,2.4979,464.3449,19.2659,16.6204,11.059,69.6374,10.2645,3,Swelling_Contusion
17.9798,28.8875,2.5,14.0574,1.1464,1.369,13.5984,9.2396,31.0767,11.408,160.4116,23.0829,137.63,11.2919,0.7849,19.5829,43.5278,2.4834,825.4809,32.862,28.2222,10.2323,80.2827,5.7608,3,Swelling_Contusion
15.0524,22.4004,14.9598,30.1565,1.1261,1.3969,18.6924,15.3191,40.0093,11.2129,146.752,20.2113,144.2531,10.8545,0.9137,12.8389,30.3591,2.5442,351.7693,22.2184,15.3645,5.6632,82.777,9.4684,3,Swelling_Contusion
4.0,21.9962,6.1422,19.6996,1.0373,1.0858,12.0,8.4092,32.0441,15.5994,146.2675,18.963,143.6379,14.3093,0.9269,14.021,22.7407,2.4081,465.0642,21.0575,24.7966,6.6071,66.9227,14.2072,3,Swelling_Contusion
17.1762,29.9081,11.6109,27.5065,1.0977,1.2325,18.991,9.1278,44.4527,14.1331,137.3839,22.6016,140.4109,10.8125,0.9301,15.6409,32.7215,2.3318,486.7201,28.24,19.089,5.8175,76.4462,11.7288,3,Swelling_Contusion
8.7229,23.8079,14.921,20.7206,1.1988,1.1444,29.7528,8.4127,45.8115,9.8748,96.2345,29.1623,140.9066,7.3601,0.9553,10.6798,31.7653,2.6052,473.1406,21.4884,27.4738,7.8881,66.792,9.0416,3,Swelling_Contusion
6.769,21.6786,11.2208,19.4312,1.0272,1.216,30.6608,10.5264,27.979,13.6128,121.0513,22.8769,148.5851,12.3887,0.8038,18.3509,31.9016,2.6235,465.605,28.701,26.881,12.5526,74.961,9.1166,3,Swelling_Contusion
14.8809,32.7212,15.5239,21.3511,1.0539,1.1886,34.0308,10.9944,32.654,13.1245,117.1335,27.3256,147.043,11.2557,0.9973,18.1174,29.323,2.5685,400.6308,21.2328,28.0499,4.4404,53.4722,11.0009,3,Swelling_Contusion
11.1482,25.4411,9.3325,18.5378,1.0292,1.1291,25.5189,4.8187,40.785,14.2421,101.1537,30.0379,152.9711,10.6605,0.9186,21.6683,44.1794,2.4575,695.4383,25.6135,17.7247,9.4405,74.3092,2.125,3,Swelling_Contusion
13.4112,25.0205,8.2127,18.5586,1.1335,1.3232,27.2785,6.7282,43.0063,11.9432,158.9875,27.7118,146.0351,16.505,0.8155,22.3194,41.9226,2.2321,700.8844,29.6696,27.3956,7.6654,64.4909,7.8627,3,Swelling_Contusion
9.1074,21.2601,14.1546,29.2301,1.0676,1.2703,29.5321,8.8499,46.0706,6.4954,114.0889,18.9804,148.9073,7.8325,0.938,15.3841,37.0566,2.4103,590.6572,20.5236,18.2946,11.6293,55.2409,1.6433,3,Swelling_Contusion
9.2469,19.8286,20.3395,28.0203,1.1089,1.4404,26.8915,12.1624,16.0,12.6983,113.5054,30.6374,148.6232,9.7409,0.9113,23.492,42.9935,2.7475,400.089,25.1245,18.1248,9.8639,61.243,7.957,3,Swelling_Contusion
10.9157,22.782,10.7871,24.6151,1.1628,1.296,26.2054,9.7544,16.0,11.5535,104.1105,16.2848,137.6557,7.8723,0.8262,14.6045,37.3148,2.3486,107.8066,24.0831,21.4321,8.2143,65.5129,9.109,3,Swelling_Contusion
22.3695,37.2515,8.6994,24.2659,1.3258,1.1571,23.993,17.6669,27.1546,16.5773,144.9242,17.0768,137.1312,11.3156,0.9858,14.2137,24.6926,2.294,107.1856,25.9809,13.059,9.0197,54.9297,12.4228,3,Swelling_Contusion
11.6332,22.3774,14.4188,27.5782,1.1622,1.3202,18.47,3.5878,34.5842,13.0883,140.9986,19.8174,140.8189,8.3992,0.8306,10.6149,24.8126,2.5725,188.048,29.5912,17.6608,9.7653,53.9354,6.1258,3,Swelling_Contusion
6.0596,21.2257,9.9278,24.6063,1.2697,1.3238,18.3453,13.3078,36.575,12.7097,144.6053,10.7224,143.8454,8.1003,0.8594,15.9764,38.2187,2.3615,528.7454,20.3757,21.6933,8.6029,73.593,10.7261,3,Swelling_Contusion
21.8178,29.9985,14.9628,20.4909,1.1429,1.3593,28.5832,8.316,34.9487,15.0594,162.1908,33.0232,150.9759,12.5695,0.8755,24.0,46.9346,2.6581,471.663,28.5432,16.1364,14.2865,49.6227,13.1573,3,Swelling_Contusion
8.1233,23.0674,12.868,27.2716,1.1091,1.2037,26.9605,13.1911,36.3903,9.3957,103.4455,26.6011,142.3885,13.2596,0.9545,23.1419,37.2441,2.5065,627.0258,20.4172,16.0475,14.9831,58.779,9.4804,3,Swelling_Contusion
6.8004,20.9774,17.8991,25.1529,1.2254,1.2276,30.1166,6.0199,44.5943,17.6595,137.8479,36.3271,142.8053,12.2013,0.8709,12.4914,26.8038,2.6654,820.9488,19.7968,19.1642,5.8617,73.5867,5.999,3,Swelling_Contusion
16.0196,24.1966,13.0208,22.8403,1.2711,1.0536,31.6875,12.9323,49.3572,9.0866,143.9166,23.2933,144.883,13.5039,0.9711,17.7745,26.7569,2.5726,544.0435,21.0368,19.5586,12.0,55.8704,7.7522,3,Swelling_Contusion
4.0,21.3265,14.3484,19.4684,1.1902,1.2085,19.4631,9.3664,16.0,10.9785,112.6373,24.3305,136.3974,11.6745,0.8463,15.5891,32.4456,2.3203,459.2446,17.7803,20.849,12.0171,70.968,17.278,3,Swelling_Contusion
14.4036,28.1578,9.4338,19.9301,1.2182,1.0389,24.6306,9.5402,32.016,11.281,159.1528,25.7974,146.4236,13.8519,0.8797,18.1166,40.5828,2.3843,332.5861,19.7767,16.2122,12.13,51.1832,4.3991,3,Swelling_Contusion
7.0217,21.2082,11.0707,26.746,1.3022,1.2611,23.7336,12.6435,41.6134,7.2173,147.5901,25.0059,146.558,14.0199,0.9595,11.2675,26.1582,2.4027,270.4039,27.4692,15.7454,14.0302,75.5143,12.767,3,Swelling_Contusion
5.7683,15.96,13.9753,28.5428,1.1474,1.3852,31.2377,10.7132,27.3882,5.7776,106.232,20.5104,143.2932,13.5586,0.9165,20.5082,31.433,2.6258,362.2823,10.6122,19.6559,12.9822,63.3224,11.1663,3,Swelling_Contusion
4.0,14.0059,11.0929,20.5179,1.1736,1.2406,34.6102,12.3104,41.5396,13.8051,134.487,16.2408,145.8243,12.7904,0.9145,12.7234,31.931,2.7134,391.2448,26.5055,25.2243,8.7643,65.3404,10.6988,3,Swelling_Contusion
13.7937,26.3096,9.7984,23.7531,1.1023,1.4301,34.9067,8.9614,39.9776,11.8938,136.3766,32.6928,136.642,9.9241,0.9965,20.8384,33.2995,2.6042,242.2861,14.7514,18.8715,14.8865,86.0,10.0633,3,Swelling_Contusion
17.1941,27.7972,14.1868,23.6901,1.206,1.2299,17.8808,9.3338,28.9825,11.5297,141.5666,31.2094,149.9989,8.8357,0.9079,16.1124,35.4902,2.2879,163.0471,23.7119,9.5383,11.7908,70.1989,7.9531,3,Swelling_Contusion
18.0029,28.6031,11.7777,24.3706,1.1736,1.2851,35.8276,7.6925,30.1823,8.9658,143.329,17.3908,137.0979,11.776,0.7859,10.3499,19.3047,2.8235,757.2154,8.0,17.0024,11.2378,60.3029,7.3825,3,Swelling_Contusion
13.2402,29.5892,15.7861,23.1591,1.2343,1.2628,24.1232,6.4158,36.514,6.038,132.1789,10.0,137.6498,8.3686,0.9284,16.2999,26.7852,2.5705,350.2918,28.6056,23.9943,8.718,54.925,7.8347,3,Swelling_Contusion
15.9513,32.8011,13.5357,19.375,1.1752,1.2981,32.9364,12.2107,40.1077,4.8353,132.9054,20.1704,140.6222,8.8397,0.9007,12.8279,22.3461,2.3841,699.7661,11.1504,25.735,16.081,76.1347,5.3322,3,Swelling_Contusion
4.0,16.1409,9.903,16.6183,1.0547,1.21,19.5085,10.1204,28.2441,12.4299,139.4685,31.742,131.096,8.4974,0.9752,10.9694,24.2353,2.2898,473.4643,24.0942,21.6993,10.531,68.7088,9.1197,3,Swelling_Contusion
5.716,12.8376,11.5604,22.5515,1.0439,1.02,31.553,8.9572,39.7203,10.2855,119.9793,28.1124,153.5544,10.0515,0.9358,14.0143,26.2519,2.4719,378.0372,18.4696,23.4819,5.1853,66.8164,9.2991,3,Swelling_Contusion
4.0,20.3091,8.2536,23.2129,1.1692,1.2277,22.9795,12.2361,46.8596,12.0957,113.0181,27.672,134.7379,11.0854,0.8471,14.8866,25.503,2.7448,439.0766,17.1394,29.4327,7.7639,56.7707,8.2004,3,Swelling_Contusion
23.3969,42.1286,30.8096,39.4663,1.3588,1.4801,15.0724,11.8859,57.5462,17.2143,117.7979,16.3968,154.52,12.856,0.9471,11.3372,32.943,2.6399,561.6051,34.093,13.004,8.3285,59.2368,4.4585,4,Inflammation_Redness
22.1736,35.8194,14.8047,30.33,1.1939,1.4973,18.5295,7.0024,38.723,13.7876,125.3264,18.6312,159.7515,8.9092,0.9527,16.612,26.3979,2.6399,883.4384,18.093,14.5737,13.2267,68.4074,13.5211,4,Inflammation_Redness
28.1675,48.4505,32.3749,50.3401,1.404,1.5851,17.8406,8.885,58.7226,17.2874,170.2364,19.9232,165.5712,9.4609,0.8481,11.9564,20.0823,2.7444,339.0611,29.1907,12.7369,10.4934,58.0463,12.8962,4,Inflammation_Redness
12.0,31.2074,17.5879,29.1011,1.4481,1.6273,23.9453,8.3957,48.3036,12.9371,117.9128,13.951,158.9041,7.8862,0.9326,19.5455,28.4757,2.5953,672.2632,29.1022,11.8775,8.6403,60.2609,5.64,4,Inflammation_Redness
14.9087,35.099,29.5584,43.5311,1.2624,1.2427,15.5396,13.1926,69.0355,16.4318,131.818,19.1686,149.3259,11.5867,0.8568,13.691,26.1808,2.5481,517.8819,30.6331,7.4455,11.3159,69.1008,1.5,4,Inflammation_Redness
12.0,30.2245,26.7336,42.1297,1.4352,1.4797,17.5524,9.4739,60.8929,13.0799,136.6596,20.1759,154.7146,11.2443,0.9692,17.1436,28.5384,2.6784,243.8735,27.7442,11.3975,4.0054,58.6923,9.8949,4,Inflammation_Redness
13.0253,32.3054,23.6508,32.4032,1.4359,1.3026,11.2494,9.0868,61.5836,17.6755,148.7028,21.191,155.3642,7.8476,0.9527,18.1875,26.2755,2.7757,426.4439,23.2449,8.9052,8.3588,56.4862,8.4568,4,Inflammation_Redness
25.0482,41.0661,24.9462,35.5028,1.5467,1.15,19.8954,9.5219,42.3518,17.5443,169.2747,29.6514,156.5873,8.9809,0.9811,10.3816,20.1006,2.6476,1036.18,35.0899,14.4504,5.1271,56.6961,9.2614,4,Inflammation_Redness
12.0,30.9436,14.3826,26.8767,1.3449,1.6496,23.0851,11.5489,64.1704,20.0532,151.2165,13.694,157.4612,9.7802,0.8824,16.2752,34.5101,2.7767,494.6891,24.1601,10.4462,10.66,61.5044,7.373,4,Inflammation_Redness
13.1269,31.9015,26.5831,35.2674,1.5376,1.246,19.0097,11.6169,42.2534,19.646,133.3213,22.6975,172.7255,13.6729,0.9421,19.3644,32.397,2.6923,404.6401,22.9153,10.184,7.8094,68.1662,9.9352,4,Inflammation_Redness
12.0,31.9297,23.5238,34.8709,1.307,1.4643,17.4829,3.5,37.0837,15.9575,136.0833,24.588,167.6459,13.6319,0.89,6.0,23.8409,2.7568,504.7241,35.9008,4.6557,8.9893,69.5661,6.8403,4,Inflammation_Redness
27.9203,39.1003,23.7646,37.6585,1.2499,1.5254,20.5163,12.1714,45.3702,17.9599,117.5976,31.4642,157.3043,17.3893,0.9195,12.6534,23.1459,2.5593,537.0194,21.7719,10.783,7.4396,56.742,10.7041,4,Inflammation_Redness
19.272,37.743,16.4476,30.1687,1.3666,1.3057,20.126,9.8822,59.1336,10.9074,139.7319,29.357,158.8683,14.966,0.9358,13.2077,29.4132,2.5096,499.35,11.8786,15.4096,5.5837,60.5833,8.9828,4,Inflammation_Redness
18.1494,30.0585,21.5124,38.8014,1.2741,1.3887,11.7098,11.0716,29.1066,14.4021,127.6936,31.0977,170.4095,10.9406,0.8867,16.502,30.2494,2.7553,598.9475,27.0333,13.0615,10.6775,61.4809,4.3575,4,Inflammation_Redness
15.8504,36.2842,22.004,31.7753,1.3284,1.2614,19.381,7.7834,47.156,12.7371,134.27,16.7723,159.2087,15.4574,0.8116,23.1833,33.0335,2.6411,606.4565,38.2795,6.1228,10.643,63.3904,8.7663,4,Inflammation_Redness
23.641,44.9721,17.234,28.8382,1.2912,1.485,21.8918,10.7207,49.7485,17.6515,140.0902,19.2717,157.2673,10.426,0.8642,15.7733,29.7373,2.616,912.6787,24.3472,11.2752,9.1989,70.3062,13.5698,4,Inflammation_Redness
16.2862,34.251,21.1268,29.5522,1.3996,1.3323,21.9966,14.3626,33.6935,9.0703,166.7503,30.219,162.2672,12.035,0.9911,20.3755,35.9812,2.5529,370.5636,27.135,13.671,10.3261,67.0487,11.3052,4,Inflammation_Redness
27.0397,40.7819,13.7256,26.8933,1.1322,1.3301,18.2048,13.9758,50.5186,13.5631,174.4325,19.7746,159.9062,8.1618,0.8161,15.4032,24.6095,2.8032,530.1244,35.8159,6.1831,9.5566,56.298,12.0442,4,Inflammation_Redness
17.6371,32.0094,14.7881,27.1921,1.3186,1.2252,30.0,13.1761,50.6498,19.5632,151.1906,18.0188,154.9347,15.2943,0.9291,15.0254,35.7546,2.4705,528.9427,33.2385,13.3523,11.2342,61.9028,11.0557,4,Inflammation_Redness
25.3222,44.7857,20.6694,37.4855,1.3447,1.3087,16.4234,9.4597,49.9319,18.0854,178.6913,19.9574,156.452,9.36,0.8129,13.7123,33.291,2.6089,545.5614,35.2772,4.0,11.3737,58.5486,10.6115,4,Inflammation_Redness
26.972,46.6044,17.231,26.93,1.4211,1.4842,14.5207,8.2497,51.1804,13.5413,179.9872,23.336,157.0057,6.7973,0.9278,12.9736,26.2029,2.7476,423.7764,32.8196,10.6847,7.226,74.9679,14.5019,4,Inflammation_Redness
12.0,30.5725,18.3434,32.4027,1.4223,1.4776,16.4686,12.3247,52.5765,21.3569,119.728,33.058,164.6817,14.3534,0.8134,16.0294,29.167,2.8535,475.7735,23.6706,6.5513,9.7821,62.2516,4.4395,4,Inflammation_Redness
21.978,42.1241,27.1805,44.3805,1.642,1.3042,9.3746,7.6739,43.0581,11.6045,163.3351,27.0567,151.6653,16.5319,0.9917,15.0832,31.1098,2.7312,723.7531,25.7241,8.174,5.1434,58.6041,7.1735,4,Inflammation_Redness
12.0,33.8357,16.006,32.3952,1.4308,1.3713,22.399,6.3856,49.1544,16.0184,117.4307,31.1906,162.3194,6.8503,0.9959,16.1963,36.9974,2.5894,387.8892,15.901,11.8354,16.876,59.0976,14.4923,4,Inflammation_Redness
17.8266,35.8925,12.1787,22.9188,1.3411,1.2957,16.8076,9.8101,55.0473,6.612,128.34,19.2708,163.0912,11.9798,0.925,13.3035,21.5825,2.8367,745.8381,37.7491,10.713,6.6479,46.2435,1.6461,4,Inflammation_Redness
15.7868,29.3301,21.5124,35.9901,1.5954,1.2957,12.046,10.3969,69.8751,7.2383,127.4617,27.8576,159.2187,13.2221,0.8485,15.1249,29.466,2.5567,491.5096,24.0844,9.5899,10.8256,48.3451,8.1982,4,Inflammation_Redness
20.1024,39.8955,35.4669,45.0129,1.4895,1.3268,6.8142,12.0865,50.7138,15.6831,130.9881,31.9588,158.3661,18.9468,0.9564,6.0,18.0144,2.6544,704.7543,26.4984,7.6254,7.6105,56.8079,8.8638,4,Inflammation_Redness
20.1796,38.2163,22.7096,35.1188,1.4277,1.5193,16.3029,10.6604,46.1201,17.4547,136.5128,26.3343,160.044,11.9419,0.8977,19.663,41.2191,2.6671,371.6148,32.2057,9.2145,8.8675,53.8519,10.7205,4,Inflammation_Redness
12.0,21.9624,28.9732,39.9648,1.4465,1.3711,12.6032,5.4345,56.259,17.387,148.0651,32.9279,159.2329,16.2496,0.8555,10.9688,20.9987,2.4987,718.7065,29.2001,8.7223,9.8357,58.7896,6.1868,4,Inflammation_Redness
17.9964,39.9232,18.087,27.678,1.4331,1.2484,15.6597,13.046,46.8257,17.6492,153.3612,18.693,148.6336,16.2007,0.9346,15.4202,28.2843,2.4571,919.2887,14.351,7.7457,12.274,65.8478,11.7192,4,Inflammation_Redness
17.7334,33.6653,21.6644,30.4769,1.12,1.1927,13.3888,11.8443,45.2181,18.2377,182.5126,23.1481,149.3901,15.0902,0.8772,19.0474,31.7042,2.3695,608.6963,39.1371,9.6762,7.1633,58.0639,4.3353,4,Inflammation_Redness
15.7032,33.6105,17.4138,33.2745,1.5064,1.3044,18.2457,11.2797,56.2574,18.7837,134.0892,24.315,155.034,11.8316,0.8589,9.9532,27.5488,2.7085,441.5996,36.3296,11.984,10.8865,53.1453,5.3457,4,Inflammation_Redness
31.8391,42.6453,13.9478,26.1044,1.4426,1.5867,19.1189,8.3265,43.2627,12.9351,140.3598,24.0446,154.1194,7.5787,0.9704,15.7796,33.9237,2.7976,140.8611,33.1148,13.7833,13.4544,73.0349,14.1994,4,Inflammation_Redness
17.0456,33.8459,20.7389,31.8748,1.306,1.5808,11.8277,13.2479,45.5461,9.6194,167.7881,31.6439,160.3767,12.1086,0.9382,16.378,26.2902,2.545,872.5364,47.0412,15.688,11.3303,59.4669,6.2063,4,Inflammation_Redness
15.3704,33.6251,23.9688,39.0309,1.3328,1.3616,17.217,12.9764,38.6891,11.5458,148.7002,23.5466,158.6459,11.9203,0.9563,15.3229,31.3491,2.5885,195.7264,22.011,13.5908,7.7138,61.6919,9.4485,4,Inflammation_Redness
29.7414,47.8089,23.8471,40.8297,1.3678,1.4434,8.8825,9.2502,60.4603,26.0,142.3224,27.5385,155.2882,18.5525,0.924,15.0242,25.967,2.3859,493.4805,35.0227,7.7685,11.9228,62.1408,9.9548,4,Inflammation_Redness
18.9531,40.8003,27.1381,40.7947,1.4932,1.2859,12.3977,11.6671,38.1736,11.4646,127.0751,31.9109,152.4826,9.9063,0.8818,7.7281,18.9666,2.441,770.3203,34.8079,8.9666,9.6417,76.7603,4.8211,4,Inflammation_Redness
25.0781,34.2995,21.5913,34.9945,1.307,1.4519,19.3224,8.0703,43.1053,12.1853,121.7774,15.4574,160.9316,15.0035,0.8812,15.0036,24.5886,2.6065,453.4376,18.7343,11.4312,8.463,66.4393,8.933,4,Inflammation_Redness
12.0,26.0162,25.391,34.5355,1.12,1.4792,13.891,8.5006,50.8159,7.011,148.117,28.8895,160.1323,10.7397,0.8124,21.3148,38.4299,2.7175,421.9416,28.7365,8.9973,11.1335,65.4509,8.4162,4,Inflammation_Redness
15.3084,32.5011,22.3139,30.1797,1.2741,1.2965,14.1441,11.51,49.1293,12.872,151.7053,22.5129,166.3224,8.8836,0.84,7.9631,22.2844,2.5596,641.8001,32.7488,13.3525,9.8924,55.401,6.1988,4,Inflammation_Redness
12.0,30.7168,29.349,45.2382,1.4984,1.5013,16.0345,5.1033,43.8691,12.0215,158.1382,25.4854,148.8244,14.7684,0.9277,16.967,27.1989,2.8374,308.7897,41.5439,11.0917,8.6154,57.8434,10.1691,4,Inflammation_Redness
27.4518,44.1688,29.1265,46.1624,1.1593,1.3633,15.5928,6.6008,36.6245,16.3723,161.3411,17.9956,154.1518,15.7159,0.9156,15.8111,25.0268,2.5465,532.0573,28.7264,11.2372,10.9027,78.4383,17.9645,4,Inflammation_Redness
25.458,45.6005,25.8828,42.3734,1.12,1.4373,13.6649,16.1433,48.1337,11.8007,170.7394,27.9281,164.8236,18.1134,0.9415,12.7341,34.2073,2.5794,856.7151,21.2362,8.9851,9.9511,60.5024,14.9817,4,Inflammation_Redness
16.4053,32.5903,18.5989,35.2177,1.2278,1.5177,17.7546,12.8585,39.671,15.9015,160.9202,22.4597,150.8165,11.8669,0.9338,11.3707,19.7556,2.7387,418.5986,17.3769,9.7065,8.3009,65.3484,8.6325,4,Inflammation_Redness
18.7316,33.8195,32.9259,44.4441,1.2708,1.2098,26.4832,16.7421,43.8399,19.3212,149.2377,34.9367,158.3032,13.3811,0.9802,19.3884,36.5516,2.7543,528.8106,19.9307,8.7099,3.8826,67.9045,9.7426,4,Inflammation_Redness
20.1278,38.4373,20.3592,27.9136,1.1982,1.3908,23.5878,8.7426,38.8647,13.9246,134.137,16.9699,159.9046,9.7271,0.9215,15.1595,28.9556,2.51,627.4657,12.5187,8.07,4.0405,58.354,10.4982,4,Inflammation_Redness
22.3488,37.5545,31.0199,45.3642,1.4495,1.4441,17.0095,9.8876,48.6955,14.1127,176.819,26.2875,170.3221,9.1254,0.8979,8.4682,21.8246,2.5269,747.1235,16.9771,12.7484,16.2454,53.3756,8.1917,4,Inflammation_Redness
22.443,40.1583,23.2427,32.8935,1.2204,1.3152,19.725,13.6119,64.272,18.512,141.1667,15.7538,168.1329,16.3862,0.9584,20.998,35.1606,2.4941,402.1757,41.8399,13.3584,15.5521,58.5215,10.4176,4,Inflammation_Redness
28.4676,44.4111,15.0266,31.3158,1.4315,1.4738,19.4465,6.4046,60.4822,15.5371,146.9501,24.2483,161.3539,12.5767,0.9434,10.7577,18.9729,2.6593,303.0391,32.6271,10.6781,13.4561,74.1924,9.6864,4,Inflammation_Redness
26.2421,43.8654,26.8409,34.9821,1.318,1.2469,20.0121,8.3069,36.5193,12.4514,124.1198,31.1709,159.9958,16.4236,0.9588,17.6554,33.5518,2.3494,663.7133,32.2014,6.7338,11.6746,64.2984,8.0909,4,Inflammation_Redness
13.6742,29.5883,21.5761,31.6728,1.331,1.272,14.6827,10.3292,36.5583,12.2071,133.759,23.2012,157.2381,16.349,0.8294,14.6913,33.8635,2.5171,302.933,23.8999,14.6815,3.5,62.6269,7.9218,4,Inflammation_Redness
23.5621,37.0072,29.6509,42.4765,1.5242,1.2791,13.7148,10.469,62.4041,18.5025,171.8131,23.129,156.8706,13.107,0.9809,22.4556,41.853,2.5372,110.0,27.9599,10.6734,10.3377,56.3426,4.3632,4,Inflammation_Redness
14.3593,35.9777,25.5595,39.131,1.3011,1.3488,13.9154,12.1269,50.7655,15.614,111.6447,29.1742,161.0285,14.337,0.9729,14.6098,27.7338,2.746,249.113,34.7781,10.7816,4.6585,61.354,3.7492,4,Inflammation_Redness
15.1619,34.7185,28.1323,45.2844,1.3569,1.448,21.8478,9.6303,68.5419,12.7983,157.4631,19.1516,162.3637,9.9439,0.8729,12.6551,31.7905,2.7426,819.8488,19.53,6.9631,12.845,57.5627,8.9747,4,Inflammation_Redness
41.9481,62.3069,19.4865,29.8835,1.4314,1.4592,14.6483,6.5194,43.9062,8.7367,192.642,18.8523,157.0886,14.2158,0.97,14.0714,27.5662,2.6009,451.6532,29.9291,7.8899,13.2574,62.5452,6.9578,4,Inflammation_Redness
19.5089,31.0293,23.397,38.4642,1.5421,1.4018,12.4343,9.9519,47.1815,25.0763,148.899,25.298,158.2725,15.0434,0.8911,24.0,45.3054,2.8974,250.8827,33.6016,17.7386,11.5817,70.2532,15.3144,4,Inflammation_Redness
14.6771,34.2717,21.9384,32.7232,1.3367,1.303,16.8941,9.5761,48.3495,17.0729,159.0205,21.5735,150.1592,11.9725,0.8933,16.6401,29.694,2.3815,592.0933,32.7722,11.7532,7.2229,59.6237,7.2481,4,Inflammation_Redness
19.01,40.8822,23.7411,35.3813,1.3793,1.408,19.554,10.2923,31.9343,7.858,198.7031,25.0004,165.1766,10.8937,0.8059,17.7194,34.2179,2.2008,398.377,14.6135,16.9212,9.2775,67.5817,11.996,4,Inflammation_Redness
21.2985,34.3808,19.3855,31.3613,1.3895,1.4728,15.0742,12.1188,35.6799,17.1071,161.3572,20.8559,161.6918,9.1789,0.9296,15.6093,34.578,2.6409,647.2845,36.0278,15.8207,8.0551,68.139,13.884,4,Inflammation_Redness
12.0,25.9976,24.5754,31.7669,1.4845,1.336,15.9411,10.0659,33.4401,13.489,93.7557,21.4869,164.5587,13.4313,0.9918,13.747,22.3573,2.4164,295.752,26.9824,19.0,15.7066,62.3947,9.5605,4,Inflammation_Redness
24.6193,41.5477,27.8669,35.3161,1.4218,1.5769,17.3724,11.4152,41.7745,8.7532,165.4882,20.1584,152.9917,14.0525,0.8317,11.2008,23.1278,2.4323,809.8176,22.065,10.3901,10.5596,53.9753,13.7348,4,Inflammation_Redness
12.0,21.5784,22.7676,37.4485,1.3053,1.6395,18.7893,15.912,61.4207,20.9724,102.1597,28.559,156.1935,6.6772,0.8892,10.959,21.2341,2.7774,348.7174,21.7973,10.3352,15.3386,57.0026,14.8074,4,Inflammation_Redness
19.2094,40.3595,28.1354,44.2829,1.3675,1.6091,13.7102,6.1029,34.2561,19.2689,146.2286,23.4062,160.9419,15.4222,0.8546,6.7305,19.6811,2.5067,519.4189,19.9378,14.1005,5.7245,56.799,2.6253,4,Inflammation_Redness
25.6449,45.9595,20.3644,35.8625,1.2482,1.4597,22.0052,12.1177,58.3914,15.1533,147.1493,20.1421,161.0793,15.0168,0.8003,18.6008,26.9832,2.5461,1029.3233,34.3637,7.4887,7.3447,79.0889,8.2496,4,Inflammation_Redness
21.1595,33.9727,26.379,39.6437,1.3021,1.38,17.4959,9.9055,51.3299,10.9464,158.1477,23.4053,166.5398,9.768,0.8213,15.9112,33.9898,2.6591,322.5974,29.9808,7.9651,10.6338,72.2452,2.1529,4,Inflammation_Redness
16.3459,26.4095,26.7923,35.1939,1.3701,1.4512,10.2907,9.7782,42.0696,15.5692,145.927,36.6809,164.9581,12.9104,0.9481,13.9383,28.3259,2.5963,508.0274,23.9688,11.1095,3.5217,50.3922,10.2237,4,Inflammation_Redness
12.606,32.2733,18.8601,33.8349,1.3269,1.4172,17.5056,6.2999,49.34,15.4192,145.4087,13.4466,168.9817,8.5012,0.995,19.0571,28.2891,2.7022,352.6988,43.1032,10.2185,12.6768,53.8053,11.5245,4,Inflammation_Redness
22.5874,38.1192,18.939,31.3426,1.1379,1.4825,17.1311,16.3521,58.9726,12.5825,142.8629,34.0164,149.4068,12.6108,0.9832,18.2248,39.1507,2.473,586.9061,28.0423,12.253,10.0988,57.0543,9.014,4,Inflammation_Redness
33.1979,43.0712,23.4376,31.0329,1.4526,1.4293,21.4113,10.2375,55.284,10.2838,123.7278,22.1411,149.7323,5.2257,0.9821,13.4026,28.9285,2.5236,680.4042,37.8089,6.671,10.7237,75.9345,7.3481,4,Inflammation_Redness
16.5458,26.4831,22.6035,31.3206,1.3242,1.3172,21.9945,5.7632,71.2479,17.834,97.9964,23.655,157.9045,13.254,0.9025,21.5909,33.362,2.5351,177.6493,30.5841,13.3925,9.1006,62.3928,13.0722,4,Inflammation_Redness
30.6556,44.4523,19.7662,37.6085,1.1675,1.2213,18.5608,10.3321,53.4927,20.4219,165.8563,27.4542,174.3967,11.1207,0.9075,21.3814,34.36,2.6215,459.1118,16.227,10.9759,5.1052,63.7472,11.8017,4,Inflammation_Redness
17.8782,35.1087,22.9381,40.4035,1.3581,1.2923,15.1815,16.7754,61.0562,8.8994,87.3946,25.4572,164.8076,10.3362,0.987,17.4681,37.8464,2.7503,469.0184,32.6709,9.4044,8.8825,67.0263,8.8901,4,Inflammation_Redness
18.4283,39.7948,16.7545,27.7231,1.5096,1.6302,14.6157,8.1162,50.3635,12.4378,168.8346,25.6041,159.3591,14.0586,0.986,10.3709,31.3688,2.7267,328.5367,40.1927,8.2828,15.0935,64.5608,6.8945,4,Inflammation_Redness
12.0,21.6256,18.3113,29.7743,1.4468,1.4401,24.4154,9.2584,48.9002,19.0995,128.3634,33.964,162.5154,5.0,0.9352,11.155,27.1534,2.7868,374.0319,22.5847,8.4766,15.3742,61.9117,8.872,4,Inflammation_Redness
32.1035,43.9556,18.1468,30.9333,1.3383,1.3594,22.2543,6.4813,38.2102,20.2796,118.6036,26.1846,160.9178,9.4806,0.9512,14.7831,36.0231,2.3165,474.0096,29.3746,12.1466,13.8357,61.8436,10.5504,4,Inflammation_Redness
16.2059,26.7952,26.5716,38.2484,1.3401,1.4968,22.6856,14.4241,47.3471,10.7485,132.7627,17.9108,157.587,10.9067,0.8754,9.7431,20.929,2.6325,725.5542,18.6462,11.68,9.39,69.8228,11.0854,4,Inflammation_Redness
19.8316,36.372,18.0362,32.8075,1.3483,1.3331,16.0261,9.3626,36.5452,18.1982,127.8082,19.9056,156.1935,18.8592,0.9927,19.9841,31.5862,2.4891,1060.8574,30.6863,9.9935,3.5,67.2027,5.5492,4,Inflammation_Redness
22.0584,33.7335,29.2113,39.0431,1.277,1.48,22.1598,6.2812,36.5155,23.392,135.3082,26.5174,154.5024,13.5679,0.9231,14.3487,32.4888,2.7506,450.0523,28.7355,12.3949,10.5294,52.3669,10.0938,4,Inflammation_Redness
18.3434,30.2477,22.6204,34.4594,1.6521,1.2548,16.4343,10.1835,45.1862,14.1591,149.2662,29.3631,158.8554,14.2989,0.8893,15.4777,31.98,2.7319,476.5411,32.1832,9.6042,13.6311,58.2515,11.4607,4,Inflammation_Redness
17.5894,35.4155,17.3349,34.1181,1.4555,1.4718,13.8369,10.2283,51.1262,11.0072,135.6168,20.9157,172.2378,10.6792,0.877,15.8391,34.1279,2.7123,680.9922,29.9087,15.1321,11.0107,74.8515,3.3303,4,Inflammation_Redness
30.2859,41.7045,26.273,33.6143,1.3055,1.5417,18.7977,5.0836,66.5292,10.8601,198.542,24.0539,156.7646,13.2776,0.8659,18.7492,31.8638,2.59,792.1763,18.0648,12.7407,9.4675,62.2478,12.4022,4,Inflammation_Redness
12.0,23.8559,29.3759,46.4418,1.5648,1.2749,16.6521,8.6504,46.2178,19.0065,114.8847,27.7988,163.7335,11.5451,0.9133,15.5847,32.276,2.5336,433.7327,26.4614,4.0,6.325,55.898,12.3187,4,Inflammation_Redness
18.4213,31.801,34.5748,45.6922,1.3734,1.3894,19.7722,8.3377,42.1834,20.8601,126.4896,27.1636,163.487,14.6294,0.8357,8.4989,27.1384,2.3548,790.6996,29.7606,9.5482,11.059,70.631,9.2873,4,Inflammation_Redness
24.3464,34.5475,21.6916,36.3127,1.12,1.567,24.5377,8.1628,40.4001,13.979,152.1249,30.9731,159.3552,9.4636,0.9295,20.0876,37.4645,2.5101,316.0445,40.7883,5.7689,12.0707,47.6781,6.2338,4,Inflammation_Redness
12.0,31.4187,29.5967,42.3735,1.2506,1.3081,21.3434,9.1109,38.8317,16.6336,118.3373,33.6528,160.1974,9.1531,0.9366,17.2009,32.2041,2.7984,927.9455,29.4251,14.1962,13.9882,53.4881,10.0035,4,Inflammation_Redness
28.7816,41.0583,30.3137,38.5336,1.3609,1.368,8.9612,8.2596,56.1864,19.9627,134.7169,18.0443,159.1965,5.3581,0.8566,8.9855,27.2796,2.4787,814.0385,35.3514,9.061,6.3697,60.5484,8.6337,4,Inflammation_Redness
18.493,36.2019,22.8547,36.9294,1.2682,1.3622,20.3777,9.4571,56.429,17.9284,165.3453,25.5267,151.4374,11.4627,0.9675,12.8807,22.6452,2.5918,789.8394,38.6523,13.6566,6.8087,72.5237,10.4928,4,Inflammation_Redness
16.6312,29.4974,22.4131,34.6258,1.5466,1.3616,17.7254,13.7336,28.8952,12.5556,131.5319,22.9821,157.8723,16.6308,0.9581,11.2132,26.3575,2.686,110.0,15.5294,12.0793,9.9017,60.4238,7.71,4,Inflammation_Redness
23.0071,38.2695,21.407,33.3936,1.324,1.413,18.4411,12.3043,41.849,14.6523,138.0665,19.3699,153.3329,13.7308,0.8952,12.6584,28.1581,2.1521,779.0842,26.5151,9.3153,11.903,62.6044,8.3732,4,Inflammation_Redness
12.4663,25.7292,18.5696,30.2322,1.1869,1.5224,16.3998,8.4808,49.9513,18.9361,121.5758,28.2422,153.4971,10.0204,0.9389,21.6384,40.2101,2.7137,528.7724,37.508,13.384,3.5,54.0955,10.1835,4,Inflammation_Redness
18.5379,39.1663,17.1593,26.4256,1.1336,1.2929,14.568,8.1782,50.1612,14.9742,139.3628,20.9652,158.866,16.6153,0.9262,16.5726,28.1786,2.3282,699.4264,17.0737,12.0523,6.452,70.7774,3.3997,4,Inflammation_Redness
17.9773,39.1444,27.1968,36.1338,1.3812,1.5058,12.1089,8.5356,53.5592,19.1075,132.2736,12.8002,155.7613,15.2324,0.8179,15.883,28.7604,2.7077,529.6245,26.1302,12.7834,5.8681,59.5627,13.1831,4,Inflammation_Redness
18.8115,32.9104,24.4361,40.4835,1.3871,1.3558,7.3586,9.8847,38.8262,19.3317,161.5113,19.984,152.567,9.9873,0.9615,16.1509,31.524,2.7966,517.3602,41.488,11.859,6.3182,64.5647,11.4669,4,Inflammation_Redness
15.0678,33.2936,27.8271,36.4523,1.3764,1.6221,16.8249,4.7357,55.8218,22.6246,142.8229,20.274,151.9674,8.9505,0.8942,15.769,25.748,2.6292,374.0978,25.8117,10.0493,14.8165,54.3914,13.1323,4,Inflammation_Redness
20.8517,39.8156,18.3676,31.9693,1.2159,1.2835,29.3672,6.9952,45.0088,19.7581,155.4489,10.4315,163.9753,11.376,0.9703,14.9048,25.4222,2.5363,565.9978,36.925,12.2827,9.7588,66.0979,11.7307,4,Inflammation_Redness
34.8306,51.7523,25.7819,40.7737,1.2759,1.428,25.4559,8.4293,40.6461,10.1901,151.5845,18.9792,169.8811,12.6923,0.8027,13.6821,33.8497,2.7154,283.3625,17.1795,8.276,10.9121,65.8991,11.1112,4,Inflammation_Redness
20.5028,37.6498,20.4369,38.3404,1.366,1.5272,17.1337,10.0074,29.916,19.5314,143.9784,26.5518,160.6658,9.5385,0.8192,11.6695,27.335,2.3354,318.8685,24.5845,15.4925,12.065,49.7147,8.5957,4,Inflammation_Redness
12.0,33.774,12.4914,28.8335,1.4039,1.4449,18.8925,10.7891,49.4122,11.9837,147.7904,34.1793,155.742,8.7336,0.8636,10.9891,26.197,2.4249,583.4424,31.8293,5.6058,6.6666,62.5976,8.4979,4,Inflammation_Redness
19.7713,32.6595,26.7351,40.2858,1.3405,1.4164,15.7412,14.1541,39.0448,12.7965,140.2119,31.1795,152.314,6.1357,0.9664,13.9577,35.286,2.5012,697.6664,33.0926,10.8726,5.1818,53.0142,2.7938,4,Inflammation_Redness
21.216,32.1009,20.9677,34.0686,1.2081,1.5016,20.7036,10.0793,38.9523,14.6665,161.1302,35.4572,156.9414,6.6884,0.8743,16.9582,37.2242,2.7225,332.1456,27.4368,14.925,9.3227,54.239,3.4397,4,Inflammation_Redness
16.6405,33.8636,30.2869,43.1862,1.1474,1.4438,15.1746,10.059,66.657,7.8899,145.1911,20.5112,155.2947,5.2458,0.9306,15.431,35.4369,2.6204,610.5574,16.9622,11.8329,12.5712,64.9129,8.8272,4,Inflammation_Redness
21.8551,35.8303,23.4014,30.6357,1.2736,1.4439,16.0713,10.5417,59.0072,11.8044,166.2405,25.1993,172.1378,11.3078,0.902,12.4854,23.7025,2.6844,667.2895,23.7548,4.3392,9.6995,53.8075,9.4614,4,Inflammation_Redness
31.0906,52.1373,25.222,36.7553,1.3083,1.4209,10.9594,9.2314,58.3148,9.4416,178.7352,12.8877,151.2676,10.9927,0.8148,20.3225,33.0789,2.67,725.8511,23.817,9.8177,8.8814,78.6331,9.0594,4,Inflammation_Redness
12.0,30.8686,20.4281,37.0281,1.2791,1.3616,15.1217,9.1646,53.8091,7.0234,145.6617,27.0999,155.2918,10.4661,0.8346,14.8525,23.7069,2.5017,501.1179,27.9675,4.6985,11.8892,59.825,15.7654,4,Inflammation_Redness
23.4397,36.9942,13.7951,21.743,1.2806,1.3299,13.6472,14.9646,56.376,18.1328,160.4099,16.9894,163.7998,16.3143,0.92,13.6039,29.6101,2.7314,621.3301,23.3574,17.6284,8.8384,63.459,9.5065,4,Inflammation_Redness
31.1686,52.146,30.3144,40.0516,1.3498,1.1744,15.587,14.7991,43.252,22.5353,159.5983,27.409,162.6455,9.0649,0.9575,9.4002,17.5898,2.5199,383.2394,34.9585,6.8689,5.9659,76.2604,8.9586,4,Inflammation_Redness
15.2571,25.5132,27.7608,44.6021,1.4753,1.5888,21.8475,10.6574,45.8594,17.293,130.5467,25.6317,156.5184,12.8532,0.8821,18.1575,26.2421,2.7292,404.7371,26.204,7.4631,11.9252,62.8739,8.8761,4,Inflammation_Redness
25.4672,38.898,24.3126,38.5769,1.1317,1.4538,18.2317,4.8061,53.2357,12.9792,140.9724,22.9995,143.1301,10.1076,0.9444,12.7689,26.671,2.2658,605.6394,24.6835,13.5364,4.0253,67.4833,6.763,4,Inflammation_Redness
24.2681,41.0758,31.3258,44.6448,1.3689,1.3171,6.5,6.2718,45.2714,13.1886,124.2484,27.0374,160.2663,12.131,0.8584,9.7709,27.2003,2.7098,442.3198,29.3891,5.244,8.1876,67.3381,7.5043,4,Inflammation_Redness
18.4518,34.2155,18.8992,30.4012,1.3105,1.3842,22.6527,10.2649,46.1234,16.6739,166.0597,26.7788,163.4797,11.5342,0.9806,13.2703,23.7964,2.4861,761.7971,42.0597,15.7766,5.5656,51.3511,4.8325,4,Inflammation_Redness
13.7938,33.5432,17.3692,33.717,1.2503,1.2491,14.5967,4.2118,45.7191,12.7329,174.4796,22.2959,160.6435,17.1145,0.8655,13.9442,27.9542,2.4753,450.3152,35.7254,13.5367,13.5833,57.2465,5.0479,4,Inflammation_Redness
12.0,27.4774,16.3215,28.0993,1.4588,1.4148,22.8464,12.4917,65.3193,18.9088,139.747,25.4004,153.3536,11.2619,0.8194,14.1887,33.4046,2.7923,322.9036,20.4779,12.9653,5.31,60.4911,13.6463,4,Inflammation_Redness
12.0,22.2756,20.6224,30.5726,1.4848,1.4578,27.3566,11.6024,54.9727,15.5336,150.6578,21.1021,157.4726,11.3949,0.9892,9.157,30.2315,2.5593,557.014,23.123,8.7856,10.5177,55.0495,7.5059,4,Inflammation_Redness
18.0891,30.4458,22.9425,32.3894,1.2503,1.1732,18.4357,12.684,57.1668,13.5025,132.4019,29.4659,163.153,12.6957,0.8993,10.8632,22.287,2.6429,203.4332,31.96,10.6835,11.4318,75.8141,7.6324,4,Inflammation_Redness
23.6095,41.5244,23.8294,35.0258,1.3637,1.3675,16.3723,11.7726,44.4795,20.4722,169.6554,25.0509,159.4005,9.2927,0.8429,16.8913,25.2725,2.4093,197.8852,32.1668,8.3874,11.1178,68.0544,13.5747,4,Inflammation_Redness
15.3224,32.1599,21.836,29.1377,1.3666,1.2615,15.5322,6.8344,49.6414,12.2491,135.3741,29.0364,153.0021,11.9926,0.8763,17.8944,36.1645,2.4841,460.49,32.746,4.0,14.0482,60.8229,9.4962,4,Inflammation_Redness
17.6199,31.456,20.38,36.9293,1.2224,1.4833,24.9009,6.4973,48.8722,18.5428,148.7571,28.7274,159.1982,5.0,0.9401,10.6058,32.3423,2.7135,713.9095,21.3677,16.0485,8.8066,58.3802,6.4773,4,Inflammation_Redness
28.4816,49.2001,25.2887,33.458,1.327,1.4196,20.7704,12.7879,28.0,13.4656,159.9633,29.0155,158.566,14.3014,0.9929,16.6735,26.1418,2.6747,295.0545,28.9504,13.7006,5.082,80.8523,13.1681,4,Inflammation_Redness
34.3154,46.1502,23.8783,40.0443,1.3164,1.2837,18.2793,9.2697,53.239,10.7562,172.2031,26.0134,159.8897,13.246,0.8011,17.0755,32.0641,2.2869,589.0047,27.7883,13.2259,8.132,57.8422,11.8013,4,Inflammation_Redness
20.9657,38.7778,21.6374,30.4963,1.4637,1.5224,15.913,11.0838,65.0449,18.5694,124.3851,10.0,160.929,14.5554,0.8994,15.2536,23.8737,2.5836,396.5077,36.6788,11.4439,6.9871,68.881,4.5753,4,Inflammation_Redness
18.5299,37.9899,11.0266,24.3886,1.1475,1.3477,18.5011,7.4768,34.4466,11.6739,128.2565,13.683,165.965,16.9725,0.9875,6.2253,17.2131,2.8509,390.0081,30.0867,4.0,8.827,66.713,9.8337,4,Inflammation_Redness
15.3964,30.2858,29.3516,44.1685,1.3854,1.4115,12.8772,17.2677,62.2648,15.2186,149.9738,32.2726,159.5321,13.0431,0.8761,17.5493,25.7432,2.7796,818.0012,25.3117,15.574,9.7833,64.532,8.8799,4,Inflammation_Redness
12.0,24.1497,25.3707,39.7633,1.5172,1.2066,19.9754,12.2724,59.6585,7.011,174.7037,24.1309,156.7877,14.64,0.8183,13.388,29.2875,2.4498,254.9403,35.9941,12.425,10.3816,54.6075,10.5359,4,Inflammation_Redness
18.3653,35.1478,13.2237,25.9924,1.2182,1.4239,21.6641,6.191,45.6804,11.2314,164.7242,32.9531,160.0337,9.3065,0.8295,15.9864,25.5173,2.3707,609.217,30.6769,10.9753,9.9826,61.3884,4.4598,4,Inflammation_Redness
29.445,38.9295,19.5548,35.4233,1.3439,1.3862,16.369,9.2368,41.3112,18.2074,179.494,25.139,167.1819,13.8914,0.8785,14.7728,33.5792,2.4324,368.2673,32.4181,10.1593,11.5945,61.7291,6.2117,4,Inflammation_Redness
21.379,40.5524,16.5819,30.6633,1.4816,1.2253,19.0991,14.3013,54.587,16.318,147.0104,26.3207,167.0361,13.0503,0.8779,17.4623,37.0306,2.4169,522.6218,22.8449,14.5658,15.1197,71.4739,14.0491,4,Inflammation_Redness
19.5586,36.3344,26.217,39.092,1.3088,1.1644,16.3652,12.5304,46.7231,14.8866,152.4422,32.1586,163.84,9.3758,0.834,14.2579,26.8981,2.3833,163.156,34.0018,14.0386,8.8439,63.5352,12.7485,4,Inflammation_Redness
15.7811,35.3056,23.1405,38.507,1.2833,1.4684,13.0813,6.8702,39.9579,14.5936,117.2989,22.4515,164.869,8.7068,0.971,16.8442,25.3491,2.5463,546.9085,23.2553,13.3606,11.6894,70.5489,8.7144,4,Inflammation_Redness
19.2753,30.2969,25.938,39.7922,1.408,1.651,14.2277,7.8482,50.0726,19.7373,156.1104,36.0511,152.1291,12.6018,0.8812,9.9881,31.0563,2.5085,459.4538,29.0265,14.7222,7.5621,65.1548,4.3131,4,Inflammation_Redness
26.1921,35.4756,20.811,30.9813,1.3569,1.3411,16.0797,10.2045,56.4221,16.1086,135.5871,25.3332,161.8175,14.1357,0.8757,15.3322,35.4716,2.3132,419.4254,25.0238,10.2089,11.5854,53.6899,9.0867,4,Inflammation_Redness
14.3876,27.3951,25.3226,37.6779,1.4234,1.4245,23.3569,7.4052,47.9026,18.5508,113.5188,31.1845,165.8694,13.0041,0.8133,23.7645,33.2546,2.4547,110.0,22.8221,8.9151,6.6383,63.3928,3.8557,4,Inflammation_Redness
20.9289,39.9903,20.3014,37.2548,1.2717,1.4182,14.0334,9.4856,46.9824,9.6783,96.1792,19.3656,170.7267,11.009,0.8739,9.3738,22.3246,2.6628,461.563,45.1647,12.3807,15.226,60.0917,13.777,4,Inflammation_Redness
27.5565,36.9319,15.4767,27.2834,1.3901,1.4124,15.4389,11.9173,43.7762,14.5427,160.8619,20.6418,156.6668,10.2143,0.9888,15.5011,35.6049,2.6825,401.5525,29.5565,4.0,12.4729,68.7178,7.2277,4,Inflammation_Redness
16.4821,33.8988,21.1499,34.3141,1.6029,1.4136,18.4149,14.7366,48.6503,17.0809,126.5671,23.135,166.5147,9.7018,0.8466,22.9085,39.3625,2.4757,535.7389,30.8063,12.1877,14.2298,58.109,11.5629,4,Inflammation_Redness
22.7495,36.6466,32.5753,45.6879,1.3253,1.2558,25.0064,3.5,53.7687,14.9686,170.1503,26.9366,172.4506,14.9374,0.814,17.0415,30.5814,2.4534,538.5991,37.5444,10.0488,6.4005,52.6147,12.7149,4,Inflammation_Redness
28.0861,42.8388,30.2073,43.1435,1.37,1.15,20.3391,13.3545,49.6378,14.8191,156.8255,20.2933,161.8061,11.2595,0.8903,16.3556,29.7787,2.6843,145.8277,36.8438,9.6266,10.8834,75.3742,7.0302,4,Inflammation_Redness
14.8729,31.8374,22.5099,39.6286,1.3658,1.2708,15.766,10.4696,49.7193,12.9197,137.8649,27.6134,161.9913,15.1661,0.8664,18.2551,29.2852,2.6025,948.0753,26.934,9.7699,9.6139,59.0293,6.1345,4,Inflammation_Redness
13.8857,22.8873,22.3798,39.2724,1.3737,1.2615,22.973,8.8429,49.0887,13.8872,123.6261,31.0525,152.7891,11.2431,0.9496,8.993,19.3951,2.7744,762.6595,30.4779,13.0135,6.4364,59.1559,8.4126,4,Inflammation_Redness
34.5741,50.2483,20.4365,27.8686,1.4558,1.4349,17.4349,7.5778,41.4112,18.1699,174.7752,31.2316,164.1418,13.4289,0.8175,18.4785,39.8329,2.487,606.7937,26.6873,12.6778,12.7362,52.5668,12.8371,4,Inflammation_Redness
15.9527,34.0378,26.4292,36.6258,1.5024,1.4,17.2551,7.6974,45.1161,12.9483,164.4729,24.5688,150.4059,12.8171,0.8974,14.0697,32.1705,2.6988,300.6655,22.8643,11.6787,4.4682,64.5227,2.8345,4,Inflammation_Redness
21.7061,30.8621,28.3033,35.9509,1.1918,1.6174,17.8965,15.2596,51.4003,16.6917,121.4247,30.909,152.0001,12.8601,0.8809,12.9859,32.7884,2.5029,710.0782,23.9478,11.3927,16.6794,62.9129,8.7345,4,Inflammation_Redness
17.3924,31.9914,20.7426,37.3431,1.2307,1.183,13.0155,4.9333,50.5261,17.906,141.3025,26.5464,164.4943,11.9913,0.9117,18.8587,27.4553,2.3406,596.8654,44.9299,11.337,14.6357,64.6832,8.6517,4,Inflammation_Redness
37.5005,47.6633,29.3017,43.5742,1.4929,1.489,15.8793,8.3837,41.8393,15.9238,156.4983,26.0071,165.0305,10.5865,0.9549,17.3202,35.2499,2.6487,576.5015,27.122,13.5114,14.9495,68.4124,8.3223,4,Inflammation_Redness
14.098,33.8344,18.9873,33.1541,1.3968,1.3241,30.0,13.5957,58.4001,13.1587,144.247,23.321,166.0291,8.8301,0.9315,13.4111,30.6632,2.589,292.6713,37.7842,12.071,5.4367,52.2978,7.7347,4,Inflammation_Redness
16.8638,34.0017,21.0387,36.7663,1.6104,1.58,17.5725,14.2513,53.1754,23.6895,132.831,27.7183,155.0954,10.7806,0.9639,7.8117,29.5505,2.4564,539.5261,10.0,11.281,6.6836,58.695,13.0272,4,Inflammation_Redness
26.3136,38.7534,19.4363,36.2682,1.3176,1.2808,20.8711,9.3366,55.4709,9.9644,186.7099,32.6642,146.5863,9.4338,0.8425,19.4004,32.4375,2.6165,464.9021,31.0413,8.92,3.5,69.3659,12.4154,4,Inflammation_Redness
13.5185,29.782,15.9385,29.0798,1.4625,1.5383,20.1683,7.7821,52.6166,12.5856,100.3845,31.7156,162.6052,7.7849,0.9694,8.6469,23.9092,2.5025,269.4943,40.9296,11.1976,13.1873,75.7875,7.394,4,Inflammation_Redness
20.159,40.6626,22.6285,38.3057,1.4776,1.2462,19.3951,12.2651,58.8727,9.1309,160.0867,35.2965,158.3557,13.5472,0.845,16.1177,25.4269,2.6364,848.4267,30.7463,12.5585,4.4815,67.9591,10.7724,4,Inflammation_Redness
17.2052,30.8706,19.7624,27.1571,1.4498,1.2174,14.4615,10.6289,55.0204,8.0216,132.7728,14.5076,154.4535,10.6005,0.8255,13.8557,29.2349,2.6608,624.121,23.1798,9.9773,12.9081,72.0867,6.7071,4,Inflammation_Redness
13.268,28.4908,21.8117,36.9518,1.2456,1.4035,24.3714,8.4915,39.371,12.5962,157.8177,29.1294,165.5447,8.6537,0.875,12.8175,29.8159,2.5277,384.6079,22.5544,13.8252,11.4904,68.7779,13.6854,4,Inflammation_Redness
12.0,26.4347,16.4464,25.7174,1.3437,1.2332,16.2748,12.0526,41.0115,11.3899,151.2573,19.4362,161.2248,15.9656,0.8645,11.2293,32.2956,2.5476,456.0186,27.507,9.0752,16.1081,66.0397,6.1849,4,Inflammation_Redness
20.286,37.6917,22.741,36.7258,1.2925,1.2693,12.5417,10.7573,70.7341,16.5486,118.3096,20.644,154.9446,9.3696,0.9642,17.9637,35.4144,2.5219,599.5985,12.3439,7.8281,9.2941,63.1046,12.015,4,Inflammation_Redness
13.4496,33.2497,20.6603,37.1472,1.2249,1.4095,18.0866,9.098,70.1527,13.9909,98.2597,18.9382,163.5729,9.6882,0.9391,8.8402,16.8576,2.447,532.2597,22.4909,4.0,11.7851,62.1161,13.5526,4,Inflammation_Redness
20.7589,38.1945,23.2958,34.9716,1.522,1.4921,17.3768,8.0195,49.8129,20.7293,171.1358,26.2222,165.0058,13.746,0.9701,20.9146,38.7239,2.6622,530.6635,25.0941,9.3555,7.6646,49.9612,5.8082,4,Inflammation_Redness
21.8547,40.8464,20.5402,37.0249,1.3011,1.5739,13.109,13.0193,51.4054,13.0013,175.8296,28.3429,152.0085,13.1647,0.9706,18.1114,36.9489,2.6683,416.1377,25.4272,10.2436,4.6842,71.6499,5.0829,4,Inflammation_Redness
37.3441,48.2707,17.7177,32.3166,1.4626,1.5417,15.5118,16.6289,59.9596,17.1863,175.711,30.9036,152.5283,12.6227,0.8331,19.2397,35.8421,2.672,419.8639,26.5918,8.5382,4.0816,67.842,8.9099,4,Inflammation_Redness
17.4834,33.7098,22.7689,32.2572,1.4077,1.4246,14.0754,12.6357,46.4057,13.7842,154.8255,23.3925,171.1631,11.9842,0.9502,13.9803,26.0147,2.533,447.5251,21.0402,13.849,5.2658,61.107,12.5372,4,Inflammation_Redness
20.1713,30.5554,20.4605,30.867,1.3725,1.4041,14.8584,13.7534,67.0692,18.933,148.5462,29.5706,171.0667,14.433,0.9492,15.9994,33.6396,2.5495,445.8631,35.2529,5.5295,5.7986,60.6769,10.2379,4,Inflammation_Redness
19.4281,38.9684,26.4635,43.4879,1.3476,1.3852,13.9482,8.3574,64.2683,17.463,138.6822,24.3668,160.6077,13.4019,0.8543,13.6198,26.3697,2.5996,890.8869,47.1881,12.9265,7.6332,67.0926,3.0553,4,Inflammation_Redness
15.9319,25.1414,32.0121,39.322,1.1793,1.3829,9.7473,14.7987,53.6115,15.0205,182.0376,25.8845,160.4272,12.4215,0.8428,8.657,29.9855,2.4716,233.9007,38.2354,9.0156,12.9592,63.3182,4.4729,4,Inflammation_Redness
18.2663,34.7461,27.2726,36.5658,1.4623,1.3543,19.5763,8.3153,52.7319,12.6701,161.7445,17.4138,152.4011,16.1783,0.895,17.0515,29.5308,2.5825,409.2168,18.5568,14.6788,13.1704,59.1553,2.7327,4,Inflammation_Redness
23.6955,37.3558,21.8615,34.1471,1.2466,1.2405,19.8754,9.2683,47.4528,14.4656,122.8368,34.3195,167.4383,17.1779,0.8962,12.1028,30.0959,2.8268,334.4703,22.4887,12.5686,7.3613,60.8347,3.3935,4,Inflammation_Redness
31.2353,50.9585,14.2798,22.3162,1.2207,1.5658,17.5283,6.8811,55.6375,12.4725,201.1761,28.5942,153.003,14.8193,0.9684,16.3118,34.9592,2.6878,354.0927,27.3324,9.1616,8.9734,51.5837,12.0633,4,Inflammation_Redness
24.6464,34.5228,27.0367,36.331,1.3584,1.2321,13.2335,7.814,32.9449,18.7844,140.4819,18.1869,168.4619,9.7558,0.8206,12.5134,26.1982,2.8824,414.7868,33.7372,12.0396,10.2487,46.9248,13.4453,4,Inflammation_Redness
20.0798,40.0654,31.7028,46.5532,1.4262,1.1811,16.518,9.9513,47.7108,15.2883,117.5686,25.7685,157.0284,5.2287,0.9994,11.4758,28.0662,2.5501,427.701,25.092,5.4614,4.2501,66.0903,6.8866,4,Inflammation_Redness
23.3153,36.0108,13.1979,28.2106,1.2072,1.394,18.2695,8.4075,45.1518,13.0141,189.4977,24.9839,152.7082,8.9351,0.9668,16.9144,38.2845,2.4548,340.0441,23.8204,13.2017,6.1325,58.5068,11.0911,4,Inflammation_Redness
15.4425,29.7471,20.7402,36.3271,1.376,1.7392,13.4447,10.5782,52.2002,14.4578,156.2399,19.7261,161.3325,6.1208,0.9148,18.6423,32.0987,2.6344,444.2599,27.0736,8.9572,12.4233,57.6403,11.748,4,Inflammation_Redness
24.8459,35.3898,20.8837,31.2975,1.3417,1.3218,17.4214,5.5385,48.0735,10.3341,152.4539,25.8604,148.574,9.3683,0.8481,23.6793,40.5091,2.8431,406.0399,21.0959,11.6058,5.1681,46.9839,7.3923,4,Inflammation_Redness
17.771,31.558,20.5001,37.018,1.3166,1.3073,19.5364,16.628,47.4417,13.3762,138.0475,26.5613,157.0566,10.7448,0.8537,8.9542,23.3243,2.6195,406.3924,19.888,12.8809,7.4473,59.2587,1.5,4,Inflammation_Redness
20.1342,37.9929,18.4588,27.6055,1.2512,1.4357,18.1101,17.1052,52.8193,11.4177,129.2173,23.3449,158.2259,5.0,0.8183,17.3729,26.8084,2.6433,398.8524,34.2647,6.3249,11.966,68.8542,12.3477,4,Inflammation_Redness
14.7215,28.111,20.8101,35.338,1.2807,1.5366,19.6206,8.5009,48.1017,17.9802,175.4717,35.2061,167.9687,9.8558,0.8856,14.6467,26.1252,2.8835,780.4811,31.9772,10.7789,10.7324,65.991,9.5165,4,Inflammation_Redness
15.6322,26.2848,22.5286,35.9984,1.5728,1.4089,13.5697,5.1114,50.5395,13.5101,178.0947,24.1398,151.2408,17.3463,0.8527,14.7039,31.8604,2.5775,228.5172,28.1827,9.6496,11.4234,56.4486,6.8835,4,Inflammation_Redness
28.7283,40.7258,23.1606,30.2257,1.3641,1.755,13.9658,9.8894,33.9325,13.0449,147.8216,20.6209,151.2925,7.6732,0.8618,16.917,38.7938,2.607,353.4092,11.7917,11.3333,11.3023,67.053,5.4256,4,Inflammation_Redness
19.6234,29.7463,25.872,33.8289,1.3611,1.4028,24.9198,4.4891,40.6546,10.3915,123.6283,20.6829,163.4705,10.1067,0.9668,10.3331,24.7176,2.7303,348.6601,23.5373,12.9272,4.4403,58.5874,12.8039,4,Inflammation_Redness
20.0019,36.6245,28.2823,39.5653,1.2443,1.4721,14.9886,5.2769,51.6062,18.1016,113.2287,18.0656,167.0463,13.2724,0.9683,20.2341,41.5205,2.7943,712.0668,24.0742,10.9503,12.4427,56.2635,13.9871,4,Inflammation_Redness
13.0313,19.3216,-7.1787,-1.7223,0.4013,1.3076,150.4576,45.4283,11.9296,5.1248,210.7004,23.0679,129.6005,29.8029,0.0237,45.6815,114.0878,2.5476,3055.3253,46.1709,7.7499,29.4977,62.1127,36.9069,5,Out_of_Scope
-5.0582,2.2188,12.9032,24.0484,0.6756,0.9022,204.822,48.9575,78.5157,14.9645,165.6531,16.7377,98.0946,16.7686,0.163,22.9854,80.167,1.7302,455.6717,52.0909,21.2253,9.4619,79.6555,14.3206,5,Out_of_Scope
-43.1599,-23.9005,-6.7634,3.8017,0.7526,0.6801,86.028,52.4056,28.3204,23.0621,167.1658,56.6379,105.3287,8.477,0.1193,20.9129,37.7076,2.2906,1340.837,73.0534,11.4832,58.7869,69.304,4.4039,5,Out_of_Scope
6.5782,19.0452,-45.0,-35.0,0.8284,0.8993,22.8317,27.5464,73.5821,25.5322,187.9683,58.5269,128.3729,29.6971,0.1211,19.1696,41.0283,2.361,1497.7317,55.2243,16.4589,37.3253,22.0873,2.9374,5,Out_of_Scope
1.7368,19.2679,-4.3761,6.8209,0.6308,1.0462,139.099,70.0416,54.8137,21.9565,73.5405,58.1888,136.4472,23.3483,0.082,8.2484,36.8419,2.8336,3280.9987,56.7368,15.5907,39.8871,50.3061,39.014,5,Out_of_Scope
-13.0895,-3.1399,-5.8847,1.7349,1.3309,1.0281,311.4435,75.5581,57.4521,9.9481,57.8684,30.7018,113.5068,30.6473,0.2116,24.3089,95.2765,2.3608,175.6391,53.8625,24.7604,18.739,78.3285,14.9394,5,Out_of_Scope
17.44,30.4085,-11.717,0.4914,0.8152,1.4096,288.7318,22.5497,55.9049,29.5905,210.8285,23.4594,99.0588,16.4831,0.0235,15.7387,92.6977,2.6246,1560.2475,79.5638,5.1807,38.6121,76.4314,50.493,5,Out_of_Scope
27.8424,38.0,23.3544,29.533,0.9785,1.3789,219.5916,67.1731,78.4487,32.4989,81.7312,59.5538,161.4907,8.6624,0.1369,75.6203,93.7101,2.7745,3204.5519,50.3398,11.3402,26.11,82.9628,12.9002,5,Out_of_Scope
-16.4138,3.3727,13.6289,26.1411,0.7451,0.9568,344.3496,28.0675,48.0672,18.8486,118.9611,48.598,105.074,19.9876,0.1739,40.4629,63.7273,1.9698,888.8993,16.3236,13.1947,33.8334,24.7288,36.6256,5,Out_of_Scope
3.0541,12.0492,-28.4325,-10.9257,0.9776,1.2021,293.8059,31.4776,63.3114,17.4349,166.7005,17.3213,136.049,26.1676,0.2139,8.488,25.9943,1.6855,1750.7274,31.1702,24.7868,30.0059,51.4949,43.3052,5,Out_of_Scope
-9.9913,0.2827,-13.3684,-3.9967,1.234,1.1264,69.1513,57.2235,34.4253,22.7022,157.944,63.616,97.7858,9.8871,0.0258,49.7128,83.7504,2.9961,1653.3082,24.1058,19.9789,16.9225,52.1156,29.472,5,Out_of_Scope
21.8628,38.0,-16.2917,-8.5827,1.2705,0.6245,200.4959,18.4776,78.1487,8.4536,93.0619,16.5572,99.9505,12.7002,0.1843,54.2141,82.3999,2.8076,3212.8126,72.8284,25.8861,38.32,52.5934,23.0622,5,Out_of_Scope
8.1268,18.4805,-1.9444,13.4827,1.3496,1.3598,232.2151,31.6241,16.4873,39.252,48.6061,38.0642,88.0049,28.4595,0.164,77.418,119.057,2.3463,3574.6128,94.4463,29.1709,43.9171,29.3098,2.368,5,Out_of_Scope
-20.173,-10.9742,-30.1826,-18.4229,1.2607,1.2114,84.2966,58.3208,33.8785,28.2075,147.267,65.4387,118.1784,8.0484,0.0485,66.3078,105.8108,1.7487,2038.119,63.6928,4.2103,19.6224,72.6125,31.6944,5,Out_of_Scope
4.0857,19.2343,-13.3531,-1.2824,0.8571,1.2141,84.6264,64.6052,50.8636,16.7337,105.2963,33.8926,140.4709,24.5408,0.097,36.8284,76.0325,1.9252,388.5018,29.1384,11.6724,34.218,70.2963,24.3464,5,Out_of_Scope
-20.3108,-2.1678,20.2812,27.2241,1.4527,1.1936,182.4956,66.9965,40.5238,23.3351,115.6869,53.0423,149.8064,31.2983,0.185,67.882,78.985,2.8678,1135.7591,84.9177,8.3181,28.0598,68.7109,38.7765,5,Out_of_Scope
9.8181,17.8818,-28.8247,-13.4149,0.9224,0.9235,144.3843,37.7328,46.2566,27.5859,223.4093,59.9839,118.8393,16.7643,0.0072,33.7278,111.5979,2.076,1873.2607,29.4651,10.4016,6.5267,59.8973,27.4361,5,Out_of_Scope
25.0062,38.0,-5.0789,5.2293,1.4202,0.8582,221.0248,15.615,62.5458,24.5554,132.0935,35.4097,101.6064,20.5846,0.0356,13.6969,46.8679,2.5643,2373.7371,48.2111,18.4311,34.8777,39.9577,6.7499,5,Out_of_Scope
21.7016,35.469,-9.0588,-3.2517,0.8142,1.1821,49.6407,21.6031,62.6352,29.6389,173.0308,64.9452,136.2997,23.5849,0.2155,29.9877,116.4942,1.7231,3067.8058,61.9597,25.0562,4.6351,25.0785,5.1121,5,Out_of_Scope
-35.4079,-23.3938,-10.3651,-1.8441,0.9026,1.1205,37.2883,24.118,61.1407,28.3522,87.5962,58.7887,123.6656,8.8634,0.2037,21.0826,37.5907,2.0093,791.9731,52.4247,21.5449,30.9825,62.9395,22.5303,5,Out_of_Scope
-5.4748,9.0505,-18.9257,-11.0668,1.2576,1.7,74.9755,25.5908,65.717,16.2905,86.3677,54.2727,105.7604,31.1771,0.1514,32.6611,76.8603,2.5901,885.7561,47.1885,20.6461,33.7514,59.5413,33.2265,5,Out_of_Scope
11.2402,27.9412,-21.075,-1.459,1.5191,0.8895,122.8725,32.1429,55.0354,6.3843,73.713,27.6008,117.8362,25.5004,0.1927,68.8793,93.4458,2.3481,168.5894,32.9483,24.7616,29.0299,29.7462,26.8746,5,Out_of_Scope
4.4902,17.9281,-8.2884,9.355,1.1554,1.3665,178.8799,15.163,54.0774,17.4585,62.3748,36.6776,135.315,30.5373,0.0735,16.3806,48.9311,2.8487,679.6028,34.6299,15.5453,51.2855,80.9514,26.1228,5,Out_of_Scope
-38.8765,-19.6377,-29.5225,-17.2026,0.9334,1.1514,311.0289,57.7178,74.3557,22.8511,155.3414,55.5232,130.9743,17.7631,0.0162,33.0133,92.9288,1.7885,636.1222,31.3772,3.867,45.3751,36.8165,8.3301,5,Out_of_Scope
5.6882,14.8014,-7.8515,0.4195,1.0595,1.2787,297.4369,30.6257,36.033,27.4293,206.2066,49.6282,120.2873,26.5191,0.2156,17.2791,101.4327,2.2835,2590.7112,84.0082,14.0607,26.8655,54.2668,2.127,5,Out_of_Scope
15.8125,22.1286,6.7214,25.2369,0.9011,1.2071,101.0631,42.5218,12.2108,32.5138,101.5353,50.0669,151.7908,15.7278,0.1022,49.4002,123.5484,1.8167,1625.1233,16.7073,5.0455,37.4664,32.2909,4.5282,5,Out_of_Scope
28.0,38.0,-11.2566,-4.0902,0.5277,1.552,167.3078,75.1073,31.5999,10.145,205.9561,22.7278,140.7134,25.5065,0.1761,19.7093,57.8917,1.6888,2187.1046,31.3314,21.6013,3.0196,23.8794,26.5211,5,Out_of_Scope
-20.5842,-9.3317,-6.6565,8.48,0.8512,0.8057,20.2198,50.6225,21.7137,8.1937,118.131,31.0735,108.4686,21.1255,0.1648,14.0055,87.2955,1.5394,1800.2525,57.8687,28.839,35.7136,30.3187,31.535,5,Out_of_Scope
-23.114,-6.9534,-4.9492,8.9594,0.4268,1.2914,16.4313,62.417,34.8752,36.7666,46.6268,12.3461,134.9155,31.062,0.0222,24.1013,36.0275,1.5657,166.9905,77.0614,11.0539,31.1131,71.2099,30.2017,5,Out_of_Scope
-19.8763,-13.0052,-19.0034,-3.8906,1.192,1.3829,96.1027,35.0317,74.0438,5.4483,74.4893,46.6103,149.9014,29.5114,0.0788,57.2755,111.848,1.5968,2505.9133,78.2513,29.7961,4.6895,62.9038,25.4584,5,Out_of_Scope
-26.5386,-16.1212,-17.9029,-5.5124,1.1661,0.3,85.9139,62.6521,73.301,12.8423,136.4967,48.9214,86.3127,24.266,0.0062,34.5925,87.2015,1.5309,2055.2129,63.8829,23.4986,9.4623,84.3867,36.7639,5,Out_of_Scope
11.2591,29.4848,26.0,35.0,1.0057,0.4206,254.0294,41.9391,20.2573,17.929,202.2272,54.2951,107.7579,15.0392,0.1995,10.9866,24.9669,1.6912,509.9963,12.9051,20.8563,37.248,62.0944,41.6136,5,Out_of_Scope
6.1328,14.6183,-2.9432,2.9376,1.3243,1.2326,101.9506,57.8136,9.7629,38.6016,60.8857,14.0542,120.398,7.9148,0.1638,76.9099,107.7274,2.4432,217.2369,39.7908,10.9094,16.0313,61.907,8.6834,5,Out_of_Scope
-12.9263,6.1039,-3.58,8.8507,1.1362,1.3851,193.7552,84.9656,24.0901,15.8588,100.0572,58.3599,104.913,7.9712,0.1002,39.2065,55.0576,2.1162,2077.843,10.8594,16.7663,57.6766,83.6294,32.3691,5,Out_of_Scope
-9.7485,-4.7045,-36.0001,-25.7616,0.9574,0.8781,201.9652,57.9129,27.9209,33.5214,40.6215,30.0161,134.1998,12.0385,0.119,48.0393,127.9733,1.5758,1726.6785,21.4219,3.5814,11.3808,83.4706,13.6761,5,Out_of_Scope
0.2401,15.0594,-1.3856,8.3921,0.6166,0.5811,152.1745,64.8082,66.4694,16.5212,215.6292,66.308,84.9437,6.2207,0.0033,39.0053,96.2569,1.9169,1074.6843,66.05,19.246,12.5274,77.4926,41.1186,5,Out_of_Scope
-24.3433,-18.7218,-7.1947,2.8801,1.0432,0.5975,242.6644,26.1519,6.969,32.7484,40.3908,30.6348,146.1566,30.1568,0.1595,24.7758,92.3908,1.8698,897.7024,54.2415,21.3291,6.024,23.9015,47.2661,5,Out_of_Scope
-4.365,13.3147,5.0678,14.8642,1.4345,0.8253,103.2561,40.4444,46.2505,10.9183,193.1736,18.7318,98.1899,19.4298,0.1641,43.8017,82.6834,2.2123,3402.2493,94.1389,20.0409,48.2263,20.9418,52.9415,5,Out_of_Scope
-33.4123,-15.6286,-3.0275,10.925,1.5023,1.2677,308.1611,69.893,21.8899,21.3388,226.2567,43.2736,100.3342,14.1296,0.1416,39.6049,113.5052,2.6407,1282.9154,68.2456,16.3529,21.4276,46.8428,53.8258,5,Out_of_Scope
17.2259,25.4452,-25.8688,-8.6072,0.967,1.1231,45.0092,88.384,41.366,33.776,186.0431,52.8216,97.0911,29.8209,0.0221,59.2798,90.546,2.6788,3829.6316,86.1341,6.1037,24.0645,43.681,8.2155,5,Out_of_Scope
27.424,38.0,15.0134,29.9483,0.9528,1.1346,23.4138,51.9668,84.4201,18.5591,152.8374,16.3982,102.7965,16.6164,0.2126,11.7512,87.2524,2.0123,3405.3987,94.258,12.414,10.3733,29.3844,45.7657,5,Out_of_Scope
-21.5178,-11.1826,-9.6311,4.5502,1.2606,1.4034,187.4484,53.2752,55.5043,29.6067,105.8712,29.8222,135.2802,13.0916,0.1207,33.8125,87.0375,2.109,3355.1,11.5817,18.4497,35.8106,44.9416,25.8402,5,Out_of_Scope
0.6158,17.2087,8.6645,22.8587,1.086,0.9598,101.7558,26.5613,27.9988,26.5119,75.1849,64.5288,141.9045,12.4771,0.0689,9.7379,40.3593,2.2355,3787.2408,40.0013,20.2731,27.3795,23.0415,30.7084,5,Out_of_Scope
-8.4983,2.1815,-19.8465,-4.3082,1.0154,1.1005,102.3399,34.781,46.7118,38.872,214.8994,31.5783,129.764,28.3949,0.2027,25.8741,102.2978,1.9018,1405.9644,22.8939,16.6912,51.0687,54.3234,8.283,5,Out_of_Scope
-16.2336,0.0719,-2.4978,16.1437,1.5007,0.9805,329.0456,63.1967,58.9461,30.2492,89.4955,44.9607,113.2135,31.9151,0.1365,38.854,98.7086,2.1028,3360.2406,48.4087,27.3328,32.0591,62.9239,59.8669,5,Out_of_Scope
9.1107,26.6937,6.5736,24.563,0.9653,1.1068,60.6834,24.7019,50.1193,6.7123,206.0097,58.425,166.5512,28.5611,0.0035,8.8113,62.7984,2.9916,1402.149,35.9937,6.6255,41.4371,62.034,6.978,5,Out_of_Scope
11.9835,27.2707,4.9134,19.1551,0.5511,0.8128,294.4297,31.0315,79.3161,5.8007,215.0415,45.351,112.876,34.7515,0.0501,26.1475,40.2621,2.9107,1851.3157,65.7367,21.5609,52.8466,63.2201,34.1592,5,Out_of_Scope
17.9512,24.5962,-8.5437,3.9263,0.7073,1.1117,119.0836,72.0656,47.5086,12.7031,156.908,68.0306,124.0997,8.7292,0.1116,9.1287,44.826,2.4309,3372.1749,70.7296,15.4971,54.8257,39.6765,45.485,5,Out_of_Scope
-6.2379,8.7843,-1.4628,14.6142,0.929,1.5455,4.0502,34.6073,30.8641,34.8213,199.7683,16.2808,97.1537,30.81,0.1649,33.2823,97.8326,1.7766,1560.0735,38.9397,9.4243,52.9498,64.125,17.5164,5,Out_of_Scope
-10.6402,2.2613,12.2692,23.4455,0.5796,1.0934,94.6083,44.8693,35.5833,13.4419,81.3206,28.1428,118.914,30.9271,0.1688,59.48,106.0482,2.2616,1105.1984,11.6884,11.9381,31.2483,23.7253,6.2058,5,Out_of_Scope
-8.6163,0.3084,-12.2377,-6.2232,0.7528,0.8757,253.2448,43.9536,31.1402,9.4283,83.0357,23.9623,122.4435,12.6773,0.023,61.448,81.9764,2.1656,2547.0524,54.9045,29.396,47.7873,70.3226,21.9801,5,Out_of_Scope
-5.6357,5.4524,-20.4943,-8.3666,0.7498,0.7422,326.2424,55.8623,42.234,32.5463,59.2743,56.4251,141.9234,12.2886,0.0618,52.9563,135.1111,2.3676,2613.3499,74.8935,10.0018,50.1523,47.1674,11.3637,5,Out_of_Scope
-17.444,-2.4285,-15.3069,-1.6071,0.4943,1.3922,277.104,24.7207,50.6909,14.6409,140.2459,29.4182,126.6306,27.2774,0.0386,26.9894,110.538,2.1558,3767.6626,40.3207,28.6979,55.7671,62.9342,1.5208,5,Out_of_Scope
-0.9439,6.8669,15.5633,29.2315,0.8101,1.0547,326.6935,23.7915,16.6172,7.8983,217.7011,38.5097,127.7266,6.9298,0.0707,33.113,107.8778,2.6032,2773.0788,6.9677,27.5888,15.2867,60.889,4.6473,5,Out_of_Scope
-11.936,-2.5787,-2.4305,15.3413,0.8652,0.8656,152.7808,78.1706,25.3879,39.8998,107.4997,33.1869,128.5291,12.304,0.1384,22.8526,63.8824,2.785,2968.6784,18.9132,19.4081,38.8325,25.887,28.4825,5,Out_of_Scope
-16.1709,-8.797,-11.6187,7.6654,0.7279,0.429,229.732,49.4469,82.1599,12.6642,151.6927,52.0126,111.0666,29.7669,0.0895,59.9538,94.2099,2.1532,3587.7272,90.4917,22.4081,24.3381,73.3038,2.5262,5,Out_of_Scope
-5.3639,6.0766,5.8321,21.0032,0.8741,1.4994,77.0403,72.9981,30.6281,11.1289,160.0116,15.4272,123.4118,34.5769,0.0746,82.6964,104.3414,1.561,180.287,46.8383,5.2411,32.1936,41.2875,20.8021,5,Out_of_Scope
0.4678,14.1983,-9.1124,10.6283,1.1445,1.0916,9.7418,69.5982,70.3297,6.8611,150.0042,58.1165,123.1668,21.8312,0.014,60.4758,75.3235,2.7262,219.985,17.3658,10.4279,39.1018,83.4633,7.9515,5,Out_of_Scope
-35.6937,-22.2756,-11.5497,-2.6418,0.3844,0.6041,289.4908,84.3192,65.7658,20.3679,135.8236,17.5044,132.4396,32.0732,0.0441,65.7781,130.5518,1.8988,2686.1456,88.1936,27.7978,44.0187,23.1248,52.4636,5,Out_of_Scope
19.745,26.488,-12.5261,-4.9876,0.35,0.7513,199.8133,25.9809,20.6551,18.7577,59.1568,20.3922,126.3801,15.4686,0.0725,64.9417,80.9243,2.7907,3274.1171,73.9392,11.3531,49.9043,31.8821,8.3401,5,Out_of_Scope
-7.4292,11.1842,2.0854,20.6444,0.9176,1.2348,311.7407,86.3074,30.9694,19.6606,176.6556,28.0216,119.2179,20.705,0.0269,28.4659,59.1559,2.7584,814.3932,77.7603,24.4369,31.4363,35.1998,14.3869,5,Out_of_Scope
-2.527,16.7647,-0.5865,18.8402,0.5506,0.7577,320.6221,85.6005,44.6634,17.41,118.7035,30.0524,138.6637,11.3726,0.1361,50.0078,97.0146,1.6438,3197.7272,20.744,6.0932,38.5151,45.9119,4.5287,5,Out_of_Scope
-22.3371,-7.8602,-14.1845,4.1288,1.2726,1.1303,187.75,68.8478,76.6981,32.0613,212.8723,35.8684,126.2667,31.1015,0.0087,57.6282,135.4662,1.7613,2664.0584,79.2459,10.7746,26.099,57.0187,31.6309,5,Out_of_Scope
8.6109,17.5449,9.7695,23.3606,0.6445,0.3,305.9782,68.0842,74.5407,6.6249,176.9565,42.4005,118.9314,29.75,0.1116,48.2167,62.3581,2.5028,1128.9025,6.7725,4.7938,57.5653,42.495,52.2165,5,Out_of_Scope
-9.0139,-1.7418,5.5557,20.1447,0.6202,0.9403,243.9149,57.2145,74.0454,26.3214,149.0498,36.4451,132.9024,9.1534,0.0982,57.4662,102.107,1.9248,1185.0616,26.029,12.2854,52.6855,52.8396,15.1741,5,Out_of_Scope
-4.7937,6.3293,-14.097,-7.9547,1.1433,0.9812,112.1665,48.264,70.4918,13.6838,98.644,60.7202,114.9339,19.7829,0.1821,34.9581,76.8277,1.7507,3669.5661,85.7105,29.5739,25.9395,73.21,25.4823,5,Out_of_Scope
-15.1631,1.6596,-23.9584,-13.3686,0.4742,0.7254,224.3569,75.141,10.5686,26.6612,46.7897,41.5799,106.531,19.0129,0.204,61.8534,146.801,2.49,78.0756,28.9027,27.4559,39.6764,83.8071,10.2019,5,Out_of_Scope
-21.2809,-12.501,26.0,35.0,0.6629,1.0285,165.246,56.7362,41.4321,36.1625,146.1615,65.3966,113.8669,20.3173,0.0644,33.4354,85.2058,2.295,2764.9839,25.2045,20.7888,47.3795,63.9785,29.4279,5,Out_of_Scope
-12.1925,3.5068,5.2959,12.9806,0.6515,0.8582,71.1645,72.347,66.5907,33.6121,199.8195,35.2262,123.4001,19.1179,0.1581,22.1055,95.2653,2.1442,552.8169,15.7381,7.4525,53.7626,84.411,22.0615,5,Out_of_Scope
13.6364,21.7745,-0.9853,17.4716,1.1009,1.5979,223.0049,77.3397,71.8689,25.6428,160.1765,65.3126,131.4381,32.896,0.1461,5.6203,23.9732,2.7869,384.6208,24.2167,9.2248,37.2134,57.4811,18.0756,5,Out_of_Scope
14.2804,31.1482,4.6034,20.3986,0.843,1.0655,38.6247,61.1522,70.7821,25.3715,222.9695,57.7339,115.9856,8.2323,0.1727,20.859,33.1658,2.8661,3568.6812,24.6635,24.0656,5.7348,38.5288,37.7963,5,Out_of_Scope
-1.5589,6.6563,-18.1462,-4.1661,0.868,1.3366,103.8877,88.6071,40.1573,15.358,106.2054,41.1752,130.9041,33.101,0.1617,51.1688,74.1936,1.724,2033.6778,70.5838,23.2773,15.8771,26.5065,23.6832,5,Out_of_Scope
-17.0121,-4.9138,-12.0172,4.8533,0.9206,1.1284,60.1974,66.2213,65.5433,7.5095,201.5264,59.7593,168.5739,26.4022,0.1489,6.3229,26.1177,1.7439,3034.9198,44.6075,17.7286,47.0432,42.1638,45.1845,5,Out_of_Scope
-22.8138,-3.3396,12.3135,26.5617,0.4446,0.805,76.2805,18.7934,46.3576,17.1447,143.1477,66.7904,91.2242,9.3011,0.0004,11.1503,58.1669,2.5604,2344.0162,49.5405,12.557,20.6685,44.4586,37.0865,5,Out_of_Scope
-3.8595,15.5822,-36.648,-31.3406,0.8438,0.4648,229.8383,30.9171,79.5123,27.49,206.7121,29.7591,114.5587,12.5826,0.2006,12.3775,97.8086,2.1878,3970.8706,53.5635,23.4522,3.403,52.2833,44.5098,5,Out_of_Scope
13.8669,25.153,-7.4129,9.6935,0.6215,0.7421,345.9451,17.3781,52.3217,31.0203,184.5677,52.9563,90.3071,26.7935,0.013,47.7309,120.3685,1.6411,97.5972,78.3106,22.2319,26.4958,81.1258,46.2293,5,Out_of_Scope
8.416,25.5877,16.0282,32.8435,0.7772,0.7466,95.6634,76.3874,69.8593,22.3367,150.3581,59.6153,116.6695,19.4779,0.201,68.2375,107.5668,1.5972,2565.832,80.1042,20.9536,27.2293,28.018,54.7357,5,Out_of_Scope
-5.9741,13.7442,16.0065,25.7979,1.3992,0.558,318.1809,29.1109,46.7684,22.9205,154.7497,29.646,126.8813,31.206,0.0977,61.0123,121.8852,1.6757,2509.4254,54.5632,27.2623,53.21,29.8121,5.8194,5,Out_of_Scope
12.1014,26.8,23.8607,32.1349,0.8008,0.4365,34.5088,20.596,12.0688,25.0543,115.571,27.617,103.5001,17.3452,0.0447,60.8437,80.7583,2.9224,404.7848,89.9115,25.499,41.8006,79.2996,9.2139,5,Out_of_Scope
-14.347,-4.6843,-12.5664,-1.8323,0.9416,1.1597,354.661,53.8241,39.0548,17.8885,189.1404,14.3189,96.3498,33.7931,0.0919,30.0961,118.0215,2.9038,2585.6399,6.6657,23.2104,22.1268,45.2382,10.3658,5,Out_of_Scope
-0.9744,16.7654,-15.2266,4.0704,0.6966,1.1673,351.958,83.9577,18.0534,24.5575,145.5483,36.5521,99.9954,20.8199,0.1715,24.7381,66.2069,2.9262,3057.8489,56.5451,8.9939,27.2424,70.314,49.412,5,Out_of_Scope
4.4431,9.7913,-32.0043,-25.8207,1.0048,0.9446,286.6597,64.7958,63.3844,15.7576,90.0224,46.0525,153.7367,11.0025,0.1794,46.8336,74.9928,2.4378,3782.8912,12.3885,5.9523,51.0988,27.1236,3.3231,5,Out_of_Scope
9.9668,26.4968,-4.7224,15.0348,0.6466,0.9331,343.991,15.3085,67.0877,6.0949,184.6307,66.2763,96.9272,11.7884,0.1082,18.671,82.5049,2.0525,1326.2825,46.5157,17.6499,11.09,66.0046,53.0939,5,Out_of_Scope
-13.5278,-5.7747,-2.9067,5.6896,0.7768,1.1433,64.1588,76.4233,45.1615,7.7508,179.385,63.5244,116.8705,9.8905,0.1596,40.6042,110.9138,2.5709,155.0709,21.0849,15.7177,56.2149,42.2348,38.1035,5,Out_of_Scope
4.3238,11.5212,-0.0156,8.9083,1.2305,1.2829,245.8777,32.058,22.2107,28.3219,75.3875,49.6938,78.2727,14.007,0.2085,45.6475,100.5476,2.9239,2632.8154,91.2068,5.8719,51.2585,41.802,48.8188,5,Out_of_Scope
-6.5616,9.3286,-0.6587,5.9984,0.7989,0.8687,207.2158,23.7865,26.5595,19.1384,132.5393,10.004,129.7504,31.6597,0.0017,66.8948,114.5411,2.2858,872.6486,59.6632,17.5053,12.3615,35.4777,4.9473,5,Out_of_Scope
-22.6671,-12.5261,15.5293,22.5079,0.35,1.2594,243.474,70.6095,51.7754,14.6624,136.6355,25.1158,125.6914,19.7902,0.2124,48.7404,85.0233,1.6432,2197.7953,82.4375,26.4014,37.4603,45.5735,39.3675,5,Out_of_Scope
0.9629,16.1722,-0.116,5.2199,1.0324,0.8189,210.3401,82.9384,77.9247,32.4082,79.8219,53.817,142.2465,8.033,0.1967,16.9319,79.9198,2.4154,3118.7536,54.642,4.6083,43.2332,44.905,19.8968,5,Out_of_Scope
20.9065,37.1876,-2.2677,12.5895,0.9182,0.9749,254.2292,74.8333,35.0828,21.0011,224.1418,11.9375,118.8405,5.0439,0.1978,27.8996,58.5159,2.7305,1148.0338,64.186,25.1806,48.1712,70.8268,6.2296,5,Out_of_Scope
-37.5506,-25.0442,15.5116,24.9934,0.35,0.3,70.2749,63.7025,58.8749,34.0231,206.2028,52.2677,118.7521,25.6249,0.0125,13.7823,88.7874,1.8494,1454.482,18.0768,8.2691,47.1988,37.0209,27.4931,5,Out_of_Scope
15.4607,24.0593,-15.6341,-0.2555,0.8317,0.8864,94.6928,24.2147,18.5755,16.694,118.6582,64.2235,125.6259,32.8833,0.1657,68.1024,113.1279,2.2657,3733.3174,39.043,4.1326,46.477,57.2552,49.0777,5,Out_of_Scope
-1.3796,17.1695,-18.1286,-3.7306,0.5496,0.8866,73.5349,79.1477,8.5973,17.4578,159.9611,64.7853,102.8387,31.0398,0.1969,10.0283,87.3021,2.6699,3614.605,33.0419,27.6177,25.9505,61.2165,26.0266,5,Out_of_Scope
4.8219,20.1682,16.74,25.2055,0.9382,1.0083,70.9905,71.2868,18.8971,7.2185,140.2351,43.2114,112.4293,33.3731,0.0627,17.4454,106.8504,1.9535,2737.002,25.8404,17.8533,25.0181,82.5027,26.5355,5,Out_of_Scope
-21.4518,-14.9269,-12.0205,1.9019,1.274,0.4855,57.1887,57.9575,48.7373,11.6275,142.9288,68.3861,91.8123,26.4323,0.1058,78.2867,134.3119,1.7026,2212.6631,21.2876,23.7226,58.1289,43.4532,26.6602,5,Out_of_Scope
-13.8612,3.7209,-2.0041,5.8022,0.9036,1.0195,221.9219,20.8368,32.5731,33.0824,130.6696,64.2762,135.2207,34.4783,0.0999,50.2125,127.0062,1.8323,3453.4368,58.2728,22.5885,7.5517,69.8022,19.3364,5,Out_of_Scope
-1.9397,17.3517,20.3993,34.5731,0.5099,0.9124,105.019,83.2003,38.9056,38.6225,80.5656,69.8454,122.7846,25.9274,0.1708,36.7489,119.3095,2.3182,2739.7066,13.5327,20.0554,53.1075,31.5884,44.5258,5,Out_of_Scope
-16.6028,-1.7242,-10.2617,-4.8142,0.3559,0.9027,170.4021,16.3707,9.129,5.5592,157.6351,43.6056,134.2108,31.5262,0.061,71.5595,134.5602,1.5507,1531.8421,50.6981,22.7559,19.3664,83.8775,41.3878,5,Out_of_Scope
-23.7508,-11.4366,23.443,35.0,0.91,1.0949,7.4238,44.8911,66.1284,18.9828,198.7633,68.5693,98.5558,23.2164,0.0319,35.3742,46.1328,2.4041,3295.1956,61.6946,24.2243,48.5945,75.3158,16.7332,5,Out_of_Scope
14.5879,23.5103,-0.4644,10.7762,0.9475,0.4779,178.5605,30.961,58.8241,9.1227,51.7214,33.0943,91.3115,12.7384,0.0745,18.07,60.3462,2.8569,936.4862,66.6006,6.8282,23.1727,40.8764,56.2847,5,Out_of_Scope
-17.6462,-10.5308,-8.1718,-2.5004,1.0808,0.5886,33.3883,61.4983,32.7411,27.0197,41.2807,68.9229,99.4322,10.1155,0.1451,62.2627,85.9914,1.6676,652.6799,27.2136,7.5423,41.418,47.3542,32.7297,5,Out_of_Scope
-13.8358,-6.7839,-8.6147,6.3723,1.2686,1.3649,198.7692,86.4391,45.5742,20.7294,87.0337,15.931,87.8472,20.7208,0.0453,72.0538,162.0296,1.9836,3377.194,83.5688,29.894,22.535,69.1427,14.4997,5,Out_of_Scope
3.8974,12.005,-9.6071,-1.3616,1.2814,1.3386,348.1516,71.1156,5.4498,9.7145,54.4921,16.0728,124.3393,16.491,0.0745,14.0948,94.6736,2.4231,3196.0301,38.4394,14.0764,21.1044,48.4977,37.0123,5,Out_of_Scope
-29.5513,-10.3734,-8.3485,7.6771,1.3398,1.2122,27.3534,20.072,17.2497,10.1608,119.9274,19.4442,126.3819,16.0479,0.0153,52.2822,71.6048,2.6148,3220.8945,53.9579,7.0393,47.8512,40.0088,14.1365,5,Out_of_Scope
13.6818,32.2655,-21.801,-12.0517,1.1117,0.8118,100.9656,70.2253,61.1619,38.4225,177.6401,51.6891,106.5978,25.8261,0.1943,28.6989,62.7063,2.6118,953.3853,87.0818,17.4391,20.1071,70.4465,19.4269,5,Out_of_Scope
-9.2446,3.4867,-14.6272,3.1445,0.9242,0.669,318.4923,18.1769,21.9857,29.264,196.9141,58.444,114.5747,16.9171,0.2166,84.111,142.3052,2.5639,3807.571,45.4935,6.6954,41.1301,82.4066,42.1352,5,Out_of_Scope
1.0824,8.6157,-5.0954,0.0849,1.0401,0.949,301.0566,56.1344,13.1362,26.5449,229.5061,12.0843,133.0074,30.2538,0.0518,36.5093,76.3261,2.8482,2042.7204,45.2457,25.0867,5.7877,25.6197,2.2796,5,Out_of_Scope
-28.5026,-11.4254,-5.1454,4.2695,0.9118,0.5027,18.1854,17.7309,44.6812,12.5287,41.777,27.7634,78.4361,9.0641,0.1275,61.8266,125.8698,2.0906,593.5048,49.9538,27.0417,29.7172,32.7193,6.4901,5,Out_of_Scope
-12.2906,-2.8604,26.0,35.0,1.0149,0.9687,293.5588,56.6764,80.4882,36.8197,131.7487,29.0964,138.7415,23.0501,0.1485,44.8684,120.6511,1.775,1370.9267,66.7739,9.6605,28.0712,82.6427,37.9267,5,Out_of_Scope
-21.054,-8.2583,-0.0744,8.7156,1.1134,0.4902,183.9416,16.6015,15.3627,33.3865,131.9015,18.7609,92.2596,11.7077,0.2107,33.962,47.6765,2.9555,3189.6163,27.8972,14.0401,52.1505,43.2319,34.4768,5,Out_of_Scope
-7.7223,4.3771,-6.6714,7.0271,0.5999,0.7003,264.7975,24.8513,57.2756,33.9219,208.9944,44.774,151.5889,14.3869,0.0359,32.6447,85.8427,1.7945,3812.4339,85.7422,3.8898,35.0318,71.3051,15.4781,5,Out_of_Scope
8.9189,18.8367,-42.3791,-24.2249,0.8485,1.0388,323.9816,26.3632,12.6352,27.8527,113.3218,41.8444,113.8925,13.7886,0.1014,26.327,40.2447,1.63,3216.9041,87.0248,7.1103,17.2079,62.3962,57.302,5,Out_of_Scope
-1.5411,17.8073,5.7352,17.6156,0.8951,1.4377,260.1463,61.4702,38.3584,32.7353,220.1634,10.5887,124.4758,22.6354,0.1905,57.249,131.3153,2.8426,3016.2565,69.5316,29.0481,52.23,72.9996,6.0978,5,Out_of_Scope
-13.1729,-3.5064,-9.9935,6.5719,0.4458,0.457,146.4147,43.1857,58.2957,17.5413,43.8653,36.3415,96.0186,18.5823,0.0611,53.2967,142.5669,2.3208,2605.2389,87.7348,13.098,12.4933,38.3818,24.7649,5,Out_of_Scope
-6.29,-0.1486,2.8403,10.8902,0.6779,0.8427,117.6466,83.824,6.0585,11.7888,120.1671,52.0433,133.9504,24.427,0.1473,75.4018,95.0842,2.2832,2915.6369,62.2507,15.1045,3.9755,23.9294,8.0175,5,Out_of_Scope
4.4184,22.4907,-15.902,-5.0573,1.1196,0.9555,192.7828,89.6305,16.3705,35.1779,134.4686,11.3628,130.8351,9.2303,0.1496,20.3543,50.0861,2.669,1540.5644,5.6415,14.1844,16.0,64.4164,12.4725,5,Out_of_Scope
-6.0186,3.452,-18.7489,-6.5774,1.0082,1.2215,26.4284,77.2271,18.4144,8.1002,78.4413,16.1592,115.9817,20.6295,0.2174,7.7462,54.6365,2.0791,1391.4453,34.8677,27.1653,4.0816,70.3696,15.9231,5,Out_of_Scope
10.2088,17.2283,-15.0273,1.1123,1.1244,0.8269,154.1983,27.8792,83.8676,11.1822,147.8478,44.1572,130.7576,30.3162,0.1826,82.9322,129.5009,1.6458,3073.5509,39.2731,8.1393,30.5451,80.1717,11.1101,5,Out_of_Scope
-6.1929,11.5328,-20.6609,-3.449,0.4203,0.6905,118.9064,80.4212,78.3867,38.1795,91.7846,64.7508,151.1233,27.109,0.0339,53.8216,65.9284,2.5626,2947.5917,76.0405,7.6582,38.8102,31.6257,56.8524,5,Out_of_Scope
-8.7591,7.2853,26.0,35.0,0.5899,1.1265,195.7357,86.835,55.2578,6.7498,227.8648,19.412,126.8062,13.8308,0.039,19.2162,97.8882,2.8094,1887.3248,14.3259,26.8725,30.7599,48.5196,25.0341,5,Out_of_Scope
24.639,36.6355,-10.5391,3.1356,1.1342,1.3134,36.7636,29.1524,69.0961,11.4119,158.8918,68.2146,107.2428,20.6867,0.0412,30.6553,106.5319,2.0275,2907.8699,74.9615,16.5319,47.6432,40.5987,31.4534,5,Out_of_Scope
16.8736,29.2732,17.9805,34.9143,1.2521,0.9329,264.9252,38.6021,36.6203,28.369,209.946,20.7225,103.2902,13.3837,0.1509,11.2188,74.2075,2.8512,3879.0126,24.4969,23.2202,55.8031,25.939,25.4274,5,Out_of_Scope
-3.3603,9.5476,-7.0753,2.8186,0.6255,1.0681,174.0934,51.1475,12.0513,33.0811,131.4735,59.2543,90.1084,29.7378,0.0698,5.3477,88.2474,2.641,473.6452,68.1554,3.5406,4.5823,54.1785,6.6662,5,Out_of_Scope
-6.9585,3.6173,-13.29,-1.0768,1.0106,0.5268,156.8774,86.0473,79.8956,24.7916,162.4264,18.2678,126.8172,25.975,0.0417,50.6168,135.3977,2.0178,783.9905,89.7823,15.4542,26.7828,37.3919,53.6035,5,Out_of_Scope
-6.9565,4.7433,-10.5543,0.3421,0.8318,0.9087,58.573,66.6608,11.3049,24.1382,186.8893,67.0036,112.259,25.9558,0.0219,12.0816,80.6095,1.823,1816.5953,92.8959,25.1375,51.2558,75.95,37.5532,5,Out_of_Scope
6.4232,15.6541,-33.7106,-27.0295,0.35,1.2615,209.9589,56.9009,48.3805,9.3155,123.6343,58.7202,111.7942,19.8149,0.1898,57.448,75.4642,2.7978,3336.6606,72.8281,15.5836,46.1801,51.1182,44.4608,5,Out_of_Scope
-33.8563,-15.9661,26.0,33.2949,1.1273,0.6324,216.7558,79.1321,64.0111,18.2402,228.8208,49.7761,120.8798,29.4575,0.1473,84.1533,159.8621,2.2791,1499.1743,66.3939,18.936,38.873,42.2958,26.295,5,Out_of_Scope
-9.2321,-3.8323,-13.8217,-8.7023,1.1337,0.7348,325.7092,44.3826,50.0559,29.7118,221.058,64.7759,124.4027,26.3148,0.0678,73.3082,119.5332,2.9976,51.5788,14.8541,11.1484,4.4539,70.8521,4.1135,5,Out_of_Scope
-12.2624,5.3568,-6.9573,12.5918,1.1036,0.5281,289.0085,37.1496,26.2637,27.9792,114.1926,18.1551,154.7126,7.0089,0.1733,59.0729,102.0167,2.8443,1672.8842,68.9266,27.5461,50.9208,53.2218,41.1575,5,Out_of_Scope
-26.4826,-20.9098,-10.6827,3.1454,0.8619,0.4646,239.7229,27.8422,9.5356,23.1667,195.5548,12.1141,145.837,8.9223,0.0519,47.8394,134.0979,1.931,1975.7333,40.9938,27.2297,7.0977,56.7996,50.9211,5,Out_of_Scope
-23.5189,-12.3415,15.7863,31.8774,0.391,0.8361,258.0151,83.7167,78.666,29.641,161.0114,41.8916,144.4387,10.4959,0.0272,43.8569,66.6124,2.3655,2600.5258,52.3054,3.9835,6.2905,27.3672,10.0651,5,Out_of_Scope
-1.6089,13.1739,-13.9002,-6.2685,0.8937,0.4014,165.0207,41.139,70.4108,8.8243,118.9097,35.6819,142.3214,11.545,0.0226,54.4247,78.3314,1.6124,1735.2644,24.7682,12.7528,17.8035,26.0214,34.0605,5,Out_of_Scope
-5.5634,9.864,-15.8861,0.345,1.1919,0.772,357.2981,16.5517,22.36,32.3007,76.8849,51.8956,133.7647,30.6659,0.211,42.9398,130.6285,2.1174,911.6058,51.253,20.5452,29.1039,56.8532,25.5681,5,Out_of_Scope
9.4062,19.47,-19.3869,-2.1437,0.8675,0.7983,33.9696,21.3988,57.6712,18.4867,205.581,40.9843,140.8048,23.7205,0.1759,56.4871,79.8481,2.5055,1596.6193,46.6829,27.8822,23.518,59.7773,22.4454,5,Out_of_Scope
-19.487,-8.3745,16.2777,21.723,0.7909,1.2672,331.3909,45.9225,76.1035,11.9626,82.0711,60.7715,111.3045,32.0977,0.049,9.7459,26.9719,1.8921,3057.7239,50.8993,15.3009,36.296,77.8645,6.3354,5,Out_of_Scope
4.0029,9.22,10.357,18.8312,0.9381,1.7,190.0571,32.3948,59.0003,14.3246,113.9926,32.135,110.6026,11.1663,0.0441,13.674,40.2816,2.4106,2942.0643,64.4273,15.8301,5.9888,82.3355,10.9165,5,Out_of_Scope
0.2533,8.5241,22.2285,35.0,1.4031,0.7257,125.1456,62.8894,44.6637,9.0283,56.5956,56.8874,129.6669,9.679,0.0379,71.4739,130.445,2.4071,1943.4158,56.2096,19.2478,58.1661,34.4933,13.6592,5,Out_of_Scope
-8.6418,-0.9619,-19.9869,-10.0147,0.959,1.0549,2.7249,33.9381,5.8289,30.0204,129.1901,69.6411,124.3968,29.1412,0.1551,24.5021,76.9228,2.334,1832.3652,21.1273,9.031,19.0197,20.6666,55.0997,5,Out_of_Scope
23.7812,38.0,-5.806,9.8819,0.9801,1.2891,308.8903,82.67,5.4371,15.4367,65.4456,37.2392,115.0864,19.8635,0.0563,62.8757,94.4573,2.7808,751.7545,38.0512,19.8004,37.5041,25.0719,50.9293,5,Out_of_Scope
9.8745,27.6006,-3.2552,16.1166,1.0171,1.0659,168.9698,30.9023,77.8567,30.2892,93.5321,30.4597,117.7784,7.4445,0.0311,64.6519,100.9375,2.2615,3078.1548,72.6058,7.5094,8.6085,58.4249,44.7563,5,Out_of_Scope
27.4779,38.0,-19.6365,-10.7711,0.8916,0.6856,177.7974,58.7419,14.8008,36.1275,157.795,45.8351,108.0917,34.6184,0.1382,79.3167,112.2173,1.8602,2090.2488,50.7748,9.1151,42.8804,21.9262,41.7472,5,Out_of_Scope
-11.6223,5.7098,26.0,35.0,0.7562,1.1519,9.2449,31.3304,43.3428,30.9739,81.5402,16.7805,151.162,21.835,0.1721,83.0644,136.5947,2.1252,3448.3551,92.2756,6.4879,35.9557,71.5099,32.467,5,Out_of_Scope
9.6856,19.9226,-0.8056,13.9785,1.0104,0.7765,229.3619,59.2953,54.7936,10.9021,92.6762,27.1995,136.2817,23.0584,0.214,81.3254,109.5006,1.9573,192.4445,40.8934,25.5362,55.1978,35.3723,16.6819,5,Out_of_Scope
14.9196,28.6651,5.9316,14.7976,1.0872,1.098,276.5817,20.5802,65.9777,6.6019,60.0627,36.4285,146.2318,25.3858,0.0337,23.0917,55.9458,1.6855,1186.1973,70.5738,9.5178,50.6155,50.5186,20.0532,5,Out_of_Scope
-5.6253,-0.5161,-1.4475,11.1384,1.4136,1.0662,190.4827,41.5008,9.7955,28.8762,92.9049,13.3008,126.2399,24.9756,0.1069,5.957,24.8309,2.5488,301.5018,82.9367,11.4058,8.054,69.3842,31.9412,5,Out_of_Scope
-22.9193,-7.2088,20.7991,35.0,1.287,1.1573,227.2169,46.4044,36.1942,9.1854,188.0942,55.6665,132.3003,22.6701,0.1053,6.3997,47.019,2.461,404.504,46.3611,29.8228,43.8427,55.5466,32.4489,5,Out_of_Scope
-10.4046,4.8315,-6.8668,0.8918,0.8745,0.4392,250.4882,55.8922,6.4127,31.042,75.8775,59.4931,123.7603,15.6514,0.0745,5.9454,94.9637,2.418,1719.7842,13.6959,21.877,19.1156,84.2383,57.0823,5,Out_of_Scope
-19.3578,-13.2776,-20.4099,-0.8265,0.725,1.4107,6.7707,15.4572,21.3195,22.2857,127.0029,45.1176,111.365,9.8109,0.176,31.6153,64.5658,2.6465,3739.8508,87.3465,6.7109,31.68,26.0366,57.6976,5,Out_of_Scope
16.9623,36.4801,-17.6407,-5.3529,1.0372,1.0526,47.7341,27.8916,74.1313,23.446,174.109,32.3838,145.0493,20.9746,0.215,31.3762,95.3593,1.7588,530.8725,75.5276,25.7909,41.0938,30.2827,15.1947,5,Out_of_Scope
0.3251,19.0419,-7.3701,-1.7212,0.7233,1.126,77.4978,49.4884,51.1055,16.403,149.3228,20.2395,122.9891,20.5225,0.1517,56.9858,138.7847,2.1892,83.0594,61.7587,21.2286,32.7252,64.8048,20.0914,5,Out_of_Scope
-9.8965,1.9482,-45.0,-31.0233,0.5361,0.7482,68.8788,21.0133,58.7752,16.0934,83.6009,32.7973,152.089,22.7877,0.1478,56.6136,135.6749,1.8281,2565.1473,14.1003,17.7942,36.2856,34.0554,24.1099,5,Out_of_Scope
-3.8845,11.9925,8.6814,26.0844,0.7221,0.7225,273.0929,71.498,9.8147,16.2874,115.7212,59.7424,135.4268,34.8982,0.1718,58.3109,99.6627,1.6006,2313.8981,37.5534,12.4742,42.1994,50.1366,45.3735,5,Out_of_Scope
-6.1895,13.0757,-15.4046,-4.5351,1.1095,0.6504,205.5358,45.805,11.3897,27.0214,58.8248,46.3849,106.0565,20.2103,0.1086,10.3997,71.5373,2.147,1673.8692,58.6806,19.3687,3.8569,28.1397,14.9546,5,Out_of_Scope
6.4788,17.131,3.0311,13.207,0.7567,1.1753,166.0221,29.5744,78.1073,19.2731,80.3725,51.5208,148.0404,15.3573,0.1776,76.7538,149.7873,2.7727,452.4293,88.1658,19.8561,52.5454,64.4884,12.909,5,Out_of_Scope
-22.6118,-11.4768,7.0538,21.88,1.2424,1.0677,333.8334,56.4813,40.8114,38.8782,128.1849,48.4795,131.3079,16.1919,0.14,62.6079,122.5804,2.2718,1235.4377,62.9461,27.5276,3.394,28.7054,8.0666,5,Out_of_Scope
-21.508,-4.6228,26.0,33.4141,0.713,0.3,107.445,42.8464,11.2484,11.9294,103.7444,57.7534,112.7464,6.9476,0.1226,53.9001,133.1414,2.7287,1177.2429,17.3258,7.2142,58.2309,63.7597,3.5117,5,Out_of_Scope
-21.0293,-3.9744,26.0,35.0,1.3199,1.1449,258.1092,42.8211,45.3955,34.3889,68.2495,42.7135,94.6506,15.4524,0.1546,6.5048,70.1427,1.6543,305.8326,70.2161,20.2892,54.0113,53.7776,32.2714,5,Out_of_Scope
-15.8878,-5.8529,-18.7805,0.3714,1.0248,0.4285,317.2084,49.9299,45.4319,9.7054,119.8865,33.2197,136.5379,6.779,0.2139,5.6597,91.3073,2.3221,2824.6587,21.842,20.6637,53.2716,29.0662,8.4978,5,Out_of_Scope
-8.9485,6.2262,6.6395,24.5685,0.5654,0.6602,206.4879,44.5222,32.4697,16.1486,216.5921,54.5504,127.9531,9.0155,0.1047,30.4578,118.6929,2.967,1312.1612,36.6902,19.1842,30.3205,33.8516,39.9643,5,Out_of_Scope
12.562,25.1941,17.231,32.8021,0.5958,0.9139,65.5583,33.4495,10.0583,29.8983,109.8041,15.6114,131.8816,18.5667,0.0544,17.1397,63.8096,2.8279,794.1615,56.1793,28.9655,39.3156,48.5977,43.266,5,Out_of_Scope
11.3027,24.0216,26.0,35.0,0.9295,1.1575,9.8026,70.002,67.7052,29.515,175.6022,12.4842,131.299,18.2612,0.18,79.7206,108.078,2.3688,3227.1044,72.7167,19.71,4.0654,67.0526,46.6213,5,Out_of_Scope
7.131,25.754,-2.7308,14.4877,1.2723,1.7,118.3349,33.8158,45.9888,25.2224,86.46,65.3561,143.7518,18.0692,0.0128,75.5921,110.9516,2.4637,2449.3626,57.6038,17.1942,13.3421,38.2394,31.9271,5,Out_of_Scope
28.0,34.3192,-20.4795,-13.599,1.5052,0.5774,183.2458,37.9641,79.5352,12.9901,119.7845,67.5696,133.4324,14.5618,0.1418,30.3382,49.1922,2.4413,3668.3246,45.7308,19.9068,37.7072,46.9808,37.2789,5,Out_of_Scope
-9.9965,4.5305,11.191,19.3921,1.1641,0.5049,274.4316,49.6588,31.808,36.8595,65.8035,53.2429,142.0465,33.0626,0.1602,29.1252,67.398,2.0867,171.6943,87.2159,4.9859,42.8883,67.4605,50.7792,5,Out_of_Scope
13.8122,29.9959,7.8087,15.2594,0.8315,0.9453,279.3062,71.1599,21.8573,10.0482,97.7542,39.0252,86.0308,21.1702,0.0944,58.0472,102.2519,2.9195,1080.8269,61.4635,19.5072,19.0498,46.7597,22.5629,5,Out_of_Scope
-7.2268,4.1008,-28.2996,-21.3291,1.034,0.6382,254.3691,85.5885,11.9604,9.1252,49.8454,41.9337,97.9992,28.9371,0.1511,83.8672,104.8988,1.5875,1135.4746,6.7145,28.1805,20.3252,55.908,19.7661,5,Out_of_Scope
23.1432,37.3745,-4.0071,8.9836,1.0633,0.508,162.6147,89.6238,29.4066,14.4311,62.4211,45.8285,124.6515,7.6768,0.1685,78.5379,163.0876,1.6619,2255.1373,13.7399,18.4444,49.4539,54.9564,52.4512,5,Out_of_Scope
23.5027,38.0,-24.0006,-7.4024,0.6313,1.3031,246.9844,56.1757,52.7898,5.0285,89.0689,65.841,112.7343,10.6002,0.0305,21.6935,75.9853,2.8785,1338.4868,34.1067,18.2318,23.3343,79.177,23.293,5,Out_of_Scope
-31.8937,-18.4351,-13.8019,5.2648,0.8114,1.0706,186.8019,15.9172,67.4691,11.9323,178.3164,10.9521,144.0058,28.8906,0.0051,23.8714,55.3337,1.7363,1950.1799,30.5319,29.8188,36.0582,56.8211,14.0313,5,Out_of_Scope
14.7949,25.3703,-19.1686,0.6627,1.0942,0.9899,232.9395,21.4293,48.2384,36.832,41.2362,20.0147,123.7511,25.5498,0.1546,68.4788,151.8889,2.0425,219.7054,37.6198,21.1336,15.167,72.6482,13.9661,5,Out_of_Scope
-17.9645,-7.7197,-12.0675,-4.4918,1.4277,1.0419,138.8573,83.458,48.2204,17.1951,106.3083,17.8863,112.8068,22.8137,0.1281,68.9995,95.0953,1.9362,434.09,31.5808,14.5588,57.9496,62.4493,47.1896,5,Out_of_Scope
4.424,14.5461,-32.7683,-14.9073,1.2366,1.4008,70.0065,83.8506,20.9554,30.7935,106.0458,32.0249,141.8524,9.2076,0.012,37.1633,51.6101,2.5314,3053.284,81.9241,23.0837,55.232,68.6396,56.2285,5,Out_of_Scope
-6.1568,9.0669,2.007,9.5683,1.1542,1.0365,331.0089,48.4613,79.9302,21.2036,78.8084,19.0836,133.0054,34.8144,0.0734,17.8042,28.4769,1.9284,3562.0088,53.0608,20.0757,55.5763,53.3346,50.4585,5,Out_of_Scope
10.3238,18.1988,17.5636,28.3963,0.7248,0.8514,210.5237,89.5252,49.7671,24.0841,47.6596,18.3532,128.2039,31.2982,0.0748,48.4403,102.6565,2.528,2766.7391,76.0813,3.6742,56.7898,24.554,29.0934,5,Out_of_Scope
-3.8498,4.5889,-19.8079,-8.4527,0.9702,1.3048,39.6475,66.2099,37.5271,25.5713,79.051,46.5822,112.1052,25.2193,0.0155,70.9475,149.8479,1.5953,2432.5906,58.461,3.3364,22.5137,82.9802,33.7716,5,Out_of_Scope
-0.7788,12.5397,-11.8877,-4.9805,1.3064,1.1054,271.0737,33.4622,25.6556,38.8743,208.6069,29.1002,115.3617,10.9052,0.0399,12.0177,90.3919,2.3682,1072.8766,81.379,24.6715,8.7542,61.8691,43.5882,5,Out_of_Scope
